date,station,pm25
2023-02-01,02T,87.0
2023-02-02,02T,100.0
2023-02-03,02T,40.0
2023-02-04,02T,27.0
2023-02-05,02T,22.0
2023-02-06,02T,21.0
2023-02-07,02T,19.0
2023-02-08,02T,21.0
2023-02-09,02T,19.0
2023-02-10,02T,16.0
2023-02-11,02T,16.0
2023-02-12,02T,19.0
2023-02-13,02T,22.0
2023-02-14,02T,23.0
2023-02-15,02T,36.0
2023-02-16,02T,32.0
2023-02-17,02T,39.0
2023-02-18,02T,48.0
2023-02-19,02T,59.0
2023-02-20,02T,
2023-02-21,02T,
2023-02-22,02T,49.0
2023-02-23,02T,58.0
2023-02-24,02T,67.0
2023-02-25,02T,48.0
2023-02-26,02T,38.0
2023-02-27,02T,48.0
2023-02-28,02T,62.0
2023-03-01,02T,62.0
2023-03-02,02T,62.0
2023-03-03,02T,47.0
2023-03-04,02T,61.0
2023-03-05,02T,59.0
2023-03-06,02T,65.0
2023-03-07,02T,87.0
2023-03-08,02T,75.0
2023-03-09,02T,54.0
2023-03-10,02T,55.0
2023-03-11,02T,44.0
2023-03-12,02T,40.0
2023-03-13,02T,52.0
2023-03-14,02T,55.0
2023-03-15,02T,50.0
2023-03-16,02T,33.0
2023-03-17,02T,29.0
2023-03-18,02T,26.0
2023-03-19,02T,27.0
2023-03-20,02T,29.0
2023-03-21,02T,27.0
2023-03-22,02T,26.0
2023-03-23,02T,22.0
2023-03-24,02T,25.0
2023-03-25,02T,25.0
2023-03-26,02T,22.0
2023-03-27,02T,24.0
2023-03-28,02T,18.0
2023-03-29,02T,15.0
2023-03-30,02T,17.0
2023-03-31,02T,21.0
2023-04-01,02T,24.0
2023-04-02,02T,29.0
2023-04-03,02T,40.0
2023-04-04,02T,51.0
2023-04-05,02T,51.0
2023-04-06,02T,49.0
2023-04-07,02T,29.0
2023-04-08,02T,22.0
2023-04-09,02T,22.0
2023-04-10,02T,21.0
2023-04-11,02T,37.0
2023-04-12,02T,38.0
2023-04-13,02T,47.0
2023-04-14,02T,53.0
2023-04-15,02T,63.0
2023-04-16,02T,60.0
2023-04-17,02T,55.0
2023-04-18,02T,49.0
2023-04-19,02T,51.0
2023-04-20,02T,50.0
2023-04-21,02T,61.0
2023-04-22,02T,56.0
2023-04-23,02T,38.0
2023-04-24,02T,28.0
2023-04-25,02T,24.0
2023-04-26,02T,24.0
2023-04-27,02T,39.0
2023-04-28,02T,27.0
2023-04-29,02T,28.0
2023-04-30,02T,21.0
2023-02-01,05T,94.0
2023-02-02,05T,98.0
2023-02-03,05T,38.0
2023-02-04,05T,27.0
2023-02-05,05T,19.0
2023-02-06,05T,18.0
2023-02-07,05T,20.0
2023-02-08,05T,19.0
2023-02-09,05T,18.0
2023-02-10,05T,16.0
2023-02-11,05T,16.0
2023-02-12,05T,18.0
2023-02-13,05T,20.0
2023-02-14,05T,21.0
2023-02-15,05T,
2023-02-16,05T,
2023-02-17,05T,36.0
2023-02-18,05T,52.0
2023-02-19,05T,61.0
2023-02-20,05T,44.0
2023-02-21,05T,41.0
2023-02-22,05T,50.0
2023-02-23,05T,54.0
2023-02-24,05T,59.0
2023-02-25,05T,48.0
2023-02-26,05T,36.0
2023-02-27,05T,43.0
2023-02-28,05T,62.0
2023-03-01,05T,55.0
2023-03-02,05T,54.0
2023-03-03,05T,46.0
2023-03-04,05T,59.0
2023-03-05,05T,58.0
2023-03-06,05T,63.0
2023-03-07,05T,79.0
2023-03-08,05T,72.0
2023-03-09,05T,51.0
2023-03-10,05T,52.0
2023-03-11,05T,42.0
2023-03-12,05T,37.0
2023-03-13,05T,51.0
2023-03-14,05T,51.0
2023-03-15,05T,49.0
2023-03-16,05T,31.0
2023-03-17,05T,28.0
2023-03-18,05T,25.0
2023-03-19,05T,27.0
2023-03-20,05T,25.0
2023-03-21,05T,26.0
2023-03-22,05T,26.0
2023-03-23,05T,20.0
2023-03-24,05T,23.0
2023-03-25,05T,24.0
2023-03-26,05T,21.0
2023-03-27,05T,22.0
2023-03-28,05T,19.0
2023-03-29,05T,16.0
2023-03-30,05T,19.0
2023-03-31,05T,21.0
2023-04-01,05T,25.0
2023-04-02,05T,26.0
2023-04-03,05T,35.0
2023-04-04,05T,46.0
2023-04-05,05T,51.0
2023-04-06,05T,43.0
2023-04-07,05T,30.0
2023-04-08,05T,23.0
2023-04-09,05T,24.0
2023-04-10,05T,21.0
2023-04-11,05T,34.0
2023-04-12,05T,37.0
2023-04-13,05T,44.0
2023-04-14,05T,51.0
2023-04-15,05T,59.0
2023-04-16,05T,56.0
2023-04-17,05T,55.0
2023-04-18,05T,48.0
2023-04-19,05T,48.0
2023-04-20,05T,47.0
2023-04-21,05T,57.0
2023-04-22,05T,53.0
2023-04-23,05T,35.0
2023-04-24,05T,27.0
2023-04-25,05T,23.0
2023-04-26,05T,27.0
2023-04-27,05T,38.0
2023-04-28,05T,24.0
2023-04-29,05T,24.0
2023-04-30,05T,21.0
2023-02-01,10T,79.0
2023-02-02,10T,84.0
2023-02-03,10T,38.0
2023-02-04,10T,28.0
2023-02-05,10T,18.0
2023-02-06,10T,16.0
2023-02-07,10T,15.0
2023-02-08,10T,14.0
2023-02-09,10T,14.0
2023-02-10,10T,12.0
2023-02-11,10T,13.0
2023-02-12,10T,13.0
2023-02-13,10T,15.0
2023-02-14,10T,18.0
2023-02-15,10T,31.0
2023-02-16,10T,26.0
2023-02-17,10T,33.0
2023-02-18,10T,44.0
2023-02-19,10T,53.0
2023-02-20,10T,38.0
2023-02-21,10T,38.0
2023-02-22,10T,45.0
2023-02-23,10T,48.0
2023-02-24,10T,
2023-02-25,10T,
2023-02-26,10T,
2023-02-27,10T,
2023-02-28,10T,53.0
2023-03-01,10T,53.0
2023-03-02,10T,46.0
2023-03-03,10T,36.0
2023-03-04,10T,53.0
2023-03-05,10T,54.0
2023-03-06,10T,58.0
2023-03-07,10T,76.0
2023-03-08,10T,66.0
2023-03-09,10T,49.0
2023-03-10,10T,48.0
2023-03-11,10T,39.0
2023-03-12,10T,34.0
2023-03-13,10T,41.0
2023-03-14,10T,44.0
2023-03-15,10T,
2023-03-16,10T,
2023-03-17,10T,24.0
2023-03-18,10T,21.0
2023-03-19,10T,20.0
2023-03-20,10T,21.0
2023-03-21,10T,21.0
2023-03-22,10T,23.0
2023-03-23,10T,15.0
2023-03-24,10T,17.0
2023-03-25,10T,19.0
2023-03-26,10T,16.0
2023-03-27,10T,16.0
2023-03-28,10T,12.0
2023-03-29,10T,13.0
2023-03-30,10T,18.0
2023-03-31,10T,17.0
2023-04-01,10T,18.0
2023-04-02,10T,20.0
2023-04-03,10T,29.0
2023-04-04,10T,36.0
2023-04-05,10T,42.0
2023-04-06,10T,34.0
2023-04-07,10T,24.0
2023-04-08,10T,18.0
2023-04-09,10T,20.0
2023-04-10,10T,16.0
2023-04-11,10T,28.0
2023-04-12,10T,31.0
2023-04-13,10T,38.0
2023-04-14,10T,45.0
2023-04-15,10T,50.0
2023-04-16,10T,49.0
2023-04-17,10T,47.0
2023-04-18,10T,40.0
2023-04-19,10T,43.0
2023-04-20,10T,41.0
2023-04-21,10T,49.0
2023-04-22,10T,49.0
2023-04-23,10T,32.0
2023-04-24,10T,23.0
2023-04-25,10T,22.0
2023-04-26,10T,20.0
2023-04-27,10T,34.0
2023-04-28,10T,24.0
2023-04-29,10T,22.0
2023-04-30,10T,19.0
2023-02-01,11T,78.0
2023-02-02,11T,77.0
2023-02-03,11T,43.0
2023-02-04,11T,25.0
2023-02-05,11T,18.0
2023-02-06,11T,17.0
2023-02-07,11T,16.0
2023-02-08,11T,18.0
2023-02-09,11T,19.0
2023-02-10,11T,14.0
2023-02-11,11T,15.0
2023-02-12,11T,15.0
2023-02-13,11T,18.0
2023-02-14,11T,22.0
2023-02-15,11T,30.0
2023-02-16,11T,20.0
2023-02-17,11T,31.0
2023-02-18,11T,45.0
2023-02-19,11T,56.0
2023-02-20,11T,40.0
2023-02-21,11T,35.0
2023-02-22,11T,44.0
2023-02-23,11T,48.0
2023-02-24,11T,58.0
2023-02-25,11T,44.0
2023-02-26,11T,34.0
2023-02-27,11T,42.0
2023-02-28,11T,58.0
2023-03-01,11T,58.0
2023-03-02,11T,51.0
2023-03-03,11T,42.0
2023-03-04,11T,57.0
2023-03-05,11T,55.0
2023-03-06,11T,59.0
2023-03-07,11T,77.0
2023-03-08,11T,68.0
2023-03-09,11T,54.0
2023-03-10,11T,50.0
2023-03-11,11T,42.0
2023-03-12,11T,36.0
2023-03-13,11T,41.0
2023-03-14,11T,45.0
2023-03-15,11T,49.0
2023-03-16,11T,31.0
2023-03-17,11T,26.0
2023-03-18,11T,23.0
2023-03-19,11T,24.0
2023-03-20,11T,24.0
2023-03-21,11T,25.0
2023-03-22,11T,23.0
2023-03-23,11T,21.0
2023-03-24,11T,24.0
2023-03-25,11T,21.0
2023-03-26,11T,19.0
2023-03-27,11T,20.0
2023-03-28,11T,15.0
2023-03-29,11T,14.0
2023-03-30,11T,25.0
2023-03-31,11T,26.0
2023-04-01,11T,25.0
2023-04-02,11T,32.0
2023-04-03,11T,39.0
2023-04-04,11T,54.0
2023-04-05,11T,54.0
2023-04-06,11T,51.0
2023-04-07,11T,32.0
2023-04-08,11T,27.0
2023-04-09,11T,21.0
2023-04-10,11T,21.0
2023-04-11,11T,31.0
2023-04-12,11T,36.0
2023-04-13,11T,43.0
2023-04-14,11T,49.0
2023-04-15,11T,58.0
2023-04-16,11T,58.0
2023-04-17,11T,50.0
2023-04-18,11T,49.0
2023-04-19,11T,50.0
2023-04-20,11T,44.0
2023-04-21,11T,59.0
2023-04-22,11T,56.0
2023-04-23,11T,39.0
2023-04-24,11T,27.0
2023-04-25,11T,25.0
2023-04-26,11T,23.0
2023-04-27,11T,32.0
2023-04-28,11T,27.0
2023-04-29,11T,26.0
2023-04-30,11T,19.0
2023-02-01,12T,77.0
2023-02-02,12T,78.0
2023-02-03,12T,38.0
2023-02-04,12T,23.0
2023-02-05,12T,17.0
2023-02-06,12T,17.0
2023-02-07,12T,18.0
2023-02-08,12T,
2023-02-09,12T,
2023-02-10,12T,13.0
2023-02-11,12T,16.0
2023-02-12,12T,16.0
2023-02-13,12T,18.0
2023-02-14,12T,
2023-02-15,12T,
2023-02-16,12T,
2023-02-17,12T,38.0
2023-02-18,12T,50.0
2023-02-19,12T,58.0
2023-02-20,12T,45.0
2023-02-21,12T,42.0
2023-02-22,12T,49.0
2023-02-23,12T,53.0
2023-02-24,12T,60.0
2023-02-25,12T,48.0
2023-02-26,12T,38.0
2023-02-27,12T,43.0
2023-02-28,12T,58.0
2023-03-01,12T,56.0
2023-03-02,12T,55.0
2023-03-03,12T,46.0
2023-03-04,12T,58.0
2023-03-05,12T,58.0
2023-03-06,12T,65.0
2023-03-07,12T,83.0
2023-03-08,12T,74.0
2023-03-09,12T,55.0
2023-03-10,12T,55.0
2023-03-11,12T,45.0
2023-03-12,12T,40.0
2023-03-13,12T,50.0
2023-03-14,12T,48.0
2023-03-15,12T,50.0
2023-03-16,12T,34.0
2023-03-17,12T,31.0
2023-03-18,12T,28.0
2023-03-19,12T,28.0
2023-03-20,12T,29.0
2023-03-21,12T,29.0
2023-03-22,12T,28.0
2023-03-23,12T,23.0
2023-03-24,12T,25.0
2023-03-25,12T,25.0
2023-03-26,12T,23.0
2023-03-27,12T,25.0
2023-03-28,12T,20.0
2023-03-29,12T,18.0
2023-03-30,12T,20.0
2023-03-31,12T,24.0
2023-04-01,12T,27.0
2023-04-02,12T,28.0
2023-04-03,12T,41.0
2023-04-04,12T,49.0
2023-04-05,12T,52.0
2023-04-06,12T,49.0
2023-04-07,12T,31.0
2023-04-08,12T,26.0
2023-04-09,12T,24.0
2023-04-10,12T,23.0
2023-04-11,12T,36.0
2023-04-12,12T,36.0
2023-04-13,12T,44.0
2023-04-14,12T,50.0
2023-04-15,12T,57.0
2023-04-16,12T,54.0
2023-04-17,12T,52.0
2023-04-18,12T,48.0
2023-04-19,12T,48.0
2023-04-20,12T,47.0
2023-04-21,12T,57.0
2023-04-22,12T,53.0
2023-04-23,12T,38.0
2023-04-24,12T,29.0
2023-04-25,12T,26.0
2023-04-26,12T,27.0
2023-04-27,12T,38.0
2023-04-28,12T,28.0
2023-04-29,12T,28.0
2023-04-30,12T,
2023-02-01,59T,63.0
2023-02-02,59T,64.0
2023-02-03,59T,30.0
2023-02-04,59T,20.0
2023-02-05,59T,15.0
2023-02-06,59T,13.0
2023-02-07,59T,13.0
2023-02-08,59T,15.0
2023-02-09,59T,11.0
2023-02-10,59T,10.0
2023-02-11,59T,10.0
2023-02-12,59T,12.0
2023-02-13,59T,14.0
2023-02-14,59T,18.0
2023-02-15,59T,23.0
2023-02-16,59T,18.0
2023-02-17,59T,25.0
2023-02-18,59T,35.0
2023-02-19,59T,44.0
2023-02-20,59T,29.0
2023-02-21,59T,27.0
2023-02-22,59T,33.0
2023-02-23,59T,36.0
2023-02-24,59T,47.0
2023-02-25,59T,33.0
2023-02-26,59T,26.0
2023-02-27,59T,32.0
2023-02-28,59T,40.0
2023-03-01,59T,44.0
2023-03-02,59T,41.0
2023-03-03,59T,31.0
2023-03-04,59T,46.0
2023-03-05,59T,42.0
2023-03-06,59T,51.0
2023-03-07,59T,62.0
2023-03-08,59T,54.0
2023-03-09,59T,39.0
2023-03-10,59T,42.0
2023-03-11,59T,31.0
2023-03-12,59T,30.0
2023-03-13,59T,36.0
2023-03-14,59T,35.0
2023-03-15,59T,35.0
2023-03-16,59T,24.0
2023-03-17,59T,19.0
2023-03-18,59T,18.0
2023-03-19,59T,18.0
2023-03-20,59T,18.0
2023-03-21,59T,21.0
2023-03-22,59T,21.0
2023-03-23,59T,15.0
2023-03-24,59T,18.0
2023-03-25,59T,17.0
2023-03-26,59T,15.0
2023-03-27,59T,17.0
2023-03-28,59T,12.0
2023-03-29,59T,10.0
2023-03-30,59T,13.0
2023-03-31,59T,16.0
2023-04-01,59T,16.0
2023-04-02,59T,21.0
2023-04-03,59T,29.0
2023-04-04,59T,35.0
2023-04-05,59T,39.0
2023-04-06,59T,36.0
2023-04-07,59T,22.0
2023-04-08,59T,16.0
2023-04-09,59T,16.0
2023-04-10,59T,16.0
2023-04-11,59T,27.0
2023-04-12,59T,31.0
2023-04-13,59T,36.0
2023-04-14,59T,43.0
2023-04-15,59T,48.0
2023-04-16,59T,47.0
2023-04-17,59T,44.0
2023-04-18,59T,40.0
2023-04-19,59T,41.0
2023-04-20,59T,40.0
2023-04-21,59T,48.0
2023-04-22,59T,48.0
2023-04-23,59T,30.0
2023-04-24,59T,25.0
2023-04-25,59T,18.0
2023-04-26,59T,17.0
2023-04-27,59T,27.0
2023-04-28,59T,21.0
2023-04-29,59T,21.0
2023-04-30,59T,17.0
2023-02-01,61T,69.0
2023-02-02,61T,70.0
2023-02-03,61T,30.0
2023-02-04,61T,23.0
2023-02-05,61T,18.0
2023-02-06,61T,17.0
2023-02-07,61T,16.0
2023-02-08,61T,17.0
2023-02-09,61T,16.0
2023-02-10,61T,15.0
2023-02-11,61T,15.0
2023-02-12,61T,16.0
2023-02-13,61T,17.0
2023-02-14,61T,19.0
2023-02-15,61T,26.0
2023-02-16,61T,24.0
2023-02-17,61T,27.0
2023-02-18,61T,35.0
2023-02-19,61T,45.0
2023-02-20,61T,36.0
2023-02-21,61T,32.0
2023-02-22,61T,42.0
2023-02-23,61T,44.0
2023-02-24,61T,49.0
2023-02-25,61T,40.0
2023-02-26,61T,33.0
2023-02-27,61T,39.0
2023-02-28,61T,52.0
2023-03-01,61T,52.0
2023-03-02,61T,46.0
2023-03-03,61T,33.0
2023-03-04,61T,53.0
2023-03-05,61T,51.0
2023-03-06,61T,56.0
2023-03-07,61T,66.0
2023-03-08,61T,60.0
2023-03-09,61T,46.0
2023-03-10,61T,43.0
2023-03-11,61T,37.0
2023-03-12,61T,32.0
2023-03-13,61T,37.0
2023-03-14,61T,42.0
2023-03-15,61T,41.0
2023-03-16,61T,25.0
2023-03-17,61T,22.0
2023-03-18,61T,21.0
2023-03-19,61T,20.0
2023-03-20,61T,21.0
2023-03-21,61T,21.0
2023-03-22,61T,21.0
2023-03-23,61T,19.0
2023-03-24,61T,19.0
2023-03-25,61T,19.0
2023-03-26,61T,18.0
2023-03-27,61T,19.0
2023-03-28,61T,16.0
2023-03-29,61T,16.0
2023-03-30,61T,19.0
2023-03-31,61T,18.0
2023-04-01,61T,19.0
2023-04-02,61T,20.0
2023-04-03,61T,27.0
2023-04-04,61T,30.0
2023-04-05,61T,37.0
2023-04-06,61T,36.0
2023-04-07,61T,23.0
2023-04-08,61T,19.0
2023-04-09,61T,20.0
2023-04-10,61T,18.0
2023-04-11,61T,26.0
2023-04-12,61T,30.0
2023-04-13,61T,36.0
2023-04-14,61T,44.0
2023-04-15,61T,49.0
2023-04-16,61T,49.0
2023-04-17,61T,44.0
2023-04-18,61T,39.0
2023-04-19,61T,41.0
2023-04-20,61T,40.0
2023-04-21,61T,48.0
2023-04-22,61T,48.0
2023-04-23,61T,31.0
2023-04-24,61T,22.0
2023-04-25,61T,21.0
2023-04-26,61T,21.0
2023-04-27,61T,31.0
2023-04-28,61T,22.0
2023-04-29,61T,22.0
2023-04-30,61T,19.0
2023-02-01,03T,137.0
2023-02-02,03T,123.0
2023-02-03,03T,71.0
2023-02-04,03T,48.0
2023-02-05,03T,38.0
2023-02-06,03T,55.0
2023-02-07,03T,59.0
2023-02-08,03T,38.0
2023-02-09,03T,46.0
2023-02-10,03T,34.0
2023-02-11,03T,
2023-02-12,03T,
2023-02-13,03T,62.0
2023-02-14,03T,56.0
2023-02-15,03T,78.0
2023-02-16,03T,48.0
2023-02-17,03T,35.0
2023-02-18,03T,58.0
2023-02-19,03T,82.0
2023-02-20,03T,69.0
2023-02-21,03T,58.0
2023-02-22,03T,64.0
2023-02-23,03T,83.0
2023-02-24,03T,92.0
2023-02-25,03T,66.0
2023-02-26,03T,47.0
2023-02-27,03T,81.0
2023-02-28,03T,105.0
2023-03-01,03T,84.0
2023-03-02,03T,89.0
2023-03-03,03T,66.0
2023-03-04,03T,78.0
2023-03-05,03T,78.0
2023-03-06,03T,
2023-03-07,03T,
2023-03-08,03T,118.0
2023-03-09,03T,94.0
2023-03-10,03T,82.0
2023-03-11,03T,69.0
2023-03-12,03T,54.0
2023-03-13,03T,52.0
2023-03-14,03T,77.0
2023-03-15,03T,81.0
2023-03-16,03T,59.0
2023-03-17,03T,58.0
2023-03-18,03T,49.0
2023-03-19,03T,51.0
2023-03-20,03T,52.0
2023-03-21,03T,46.0
2023-03-22,03T,54.0
2023-03-23,03T,47.0
2023-03-24,03T,56.0
2023-03-25,03T,48.0
2023-03-26,03T,38.0
2023-03-27,03T,45.0
2023-03-28,03T,34.0
2023-03-29,03T,33.0
2023-03-30,03T,48.0
2023-03-31,03T,54.0
2023-04-01,03T,44.0
2023-04-02,03T,53.0
2023-04-03,03T,
2023-04-04,03T,
2023-04-05,03T,74.0
2023-04-06,03T,89.0
2023-04-07,03T,47.0
2023-04-08,03T,41.0
2023-04-09,03T,33.0
2023-04-10,03T,47.0
2023-04-11,03T,64.0
2023-04-12,03T,54.0
2023-04-13,03T,50.0
2023-04-14,03T,60.0
2023-04-15,03T,72.0
2023-04-16,03T,64.0
2023-04-17,03T,62.0
2023-04-18,03T,69.0
2023-04-19,03T,77.0
2023-04-20,03T,65.0
2023-04-21,03T,84.0
2023-04-22,03T,80.0
2023-04-23,03T,52.0
2023-04-24,03T,42.0
2023-04-25,03T,38.0
2023-04-26,03T,44.0
2023-04-27,03T,48.0
2023-04-28,03T,44.0
2023-04-29,03T,40.0
2023-04-30,03T,24.0
2023-02-01,50T,
2023-02-02,50T,
2023-02-03,50T,42.0
2023-02-04,50T,27.0
2023-02-05,50T,19.0
2023-02-06,50T,21.0
2023-02-07,50T,21.0
2023-02-08,50T,21.0
2023-02-09,50T,18.0
2023-02-10,50T,18.0
2023-02-11,50T,17.0
2023-02-12,50T,17.0
2023-02-13,50T,22.0
2023-02-14,50T,25.0
2023-02-15,50T,39.0
2023-02-16,50T,31.0
2023-02-17,50T,38.0
2023-02-18,50T,53.0
2023-02-19,50T,58.0
2023-02-20,50T,44.0
2023-02-21,50T,39.0
2023-02-22,50T,46.0
2023-02-23,50T,54.0
2023-02-24,50T,63.0
2023-02-25,50T,46.0
2023-02-26,50T,36.0
2023-02-27,50T,46.0
2023-02-28,50T,62.0
2023-03-01,50T,60.0
2023-03-02,50T,56.0
2023-03-03,50T,45.0
2023-03-04,50T,57.0
2023-03-05,50T,57.0
2023-03-06,50T,63.0
2023-03-07,50T,82.0
2023-03-08,50T,72.0
2023-03-09,50T,54.0
2023-03-10,50T,54.0
2023-03-11,50T,45.0
2023-03-12,50T,39.0
2023-03-13,50T,49.0
2023-03-14,50T,49.0
2023-03-15,50T,50.0
2023-03-16,50T,32.0
2023-03-17,50T,30.0
2023-03-18,50T,27.0
2023-03-19,50T,27.0
2023-03-20,50T,28.0
2023-03-21,50T,28.0
2023-03-22,50T,28.0
2023-03-23,50T,23.0
2023-03-24,50T,24.0
2023-03-25,50T,26.0
2023-03-26,50T,21.0
2023-03-27,50T,24.0
2023-03-28,50T,19.0
2023-03-29,50T,17.0
2023-03-30,50T,18.0
2023-03-31,50T,22.0
2023-04-01,50T,24.0
2023-04-02,50T,27.0
2023-04-03,50T,38.0
2023-04-04,50T,47.0
2023-04-05,50T,52.0
2023-04-06,50T,46.0
2023-04-07,50T,30.0
2023-04-08,50T,23.0
2023-04-09,50T,23.0
2023-04-10,50T,21.0
2023-04-11,50T,35.0
2023-04-12,50T,38.0
2023-04-13,50T,44.0
2023-04-14,50T,50.0
2023-04-15,50T,59.0
2023-04-16,50T,55.0
2023-04-17,50T,54.0
2023-04-18,50T,47.0
2023-04-19,50T,52.0
2023-04-20,50T,49.0
2023-04-21,50T,59.0
2023-04-22,50T,55.0
2023-04-23,50T,38.0
2023-04-24,50T,31.0
2023-04-25,50T,27.0
2023-04-26,50T,27.0
2023-04-27,50T,42.0
2023-04-28,50T,28.0
2023-04-29,50T,28.0
2023-04-30,50T,22.0
2023-02-01,52T,86.0
2023-02-02,52T,98.0
2023-02-03,52T,37.0
2023-02-04,52T,25.0
2023-02-05,52T,21.0
2023-02-06,52T,19.0
2023-02-07,52T,18.0
2023-02-08,52T,18.0
2023-02-09,52T,17.0
2023-02-10,52T,15.0
2023-02-11,52T,15.0
2023-02-12,52T,18.0
2023-02-13,52T,20.0
2023-02-14,52T,22.0
2023-02-15,52T,35.0
2023-02-16,52T,29.0
2023-02-17,52T,35.0
2023-02-18,52T,47.0
2023-02-19,52T,55.0
2023-02-20,52T,42.0
2023-02-21,52T,38.0
2023-02-22,52T,46.0
2023-02-23,52T,54.0
2023-02-24,52T,64.0
2023-02-25,52T,44.0
2023-02-26,52T,36.0
2023-02-27,52T,45.0
2023-02-28,52T,58.0
2023-03-01,52T,60.0
2023-03-02,52T,57.0
2023-03-03,52T,44.0
2023-03-04,52T,56.0
2023-03-05,52T,54.0
2023-03-06,52T,61.0
2023-03-07,52T,82.0
2023-03-08,52T,69.0
2023-03-09,52T,50.0
2023-03-10,52T,51.0
2023-03-11,52T,40.0
2023-03-12,52T,35.0
2023-03-13,52T,47.0
2023-03-14,52T,51.0
2023-03-15,52T,46.0
2023-03-16,52T,30.0
2023-03-17,52T,28.0
2023-03-18,52T,24.0
2023-03-19,52T,24.0
2023-03-20,52T,26.0
2023-03-21,52T,25.0
2023-03-22,52T,25.0
2023-03-23,52T,20.0
2023-03-24,52T,22.0
2023-03-25,52T,22.0
2023-03-26,52T,21.0
2023-03-27,52T,22.0
2023-03-28,52T,17.0
2023-03-29,52T,14.0
2023-03-30,52T,16.0
2023-03-31,52T,19.0
2023-04-01,52T,23.0
2023-04-02,52T,26.0
2023-04-03,52T,37.0
2023-04-04,52T,47.0
2023-04-05,52T,49.0
2023-04-06,52T,47.0
2023-04-07,52T,27.0
2023-04-08,52T,21.0
2023-04-09,52T,20.0
2023-04-10,52T,19.0
2023-04-11,52T,34.0
2023-04-12,52T,37.0
2023-04-13,52T,44.0
2023-04-14,52T,51.0
2023-04-15,52T,59.0
2023-04-16,52T,56.0
2023-04-17,52T,52.0
2023-04-18,52T,46.0
2023-04-19,52T,49.0
2023-04-20,52T,49.0
2023-04-21,52T,59.0
2023-04-22,52T,54.0
2023-04-23,52T,37.0
2023-04-24,52T,26.0
2023-04-25,52T,23.0
2023-04-26,52T,23.0
2023-04-27,52T,37.0
2023-04-28,52T,26.0
2023-04-29,52T,27.0
2023-04-30,52T,21.0
2023-02-01,53T,88.0
2023-02-02,53T,90.0
2023-02-03,53T,43.0
2023-02-04,53T,28.0
2023-02-05,53T,24.0
2023-02-06,53T,19.0
2023-02-07,53T,18.0
2023-02-08,53T,17.0
2023-02-09,53T,16.0
2023-02-10,53T,15.0
2023-02-11,53T,14.0
2023-02-12,53T,16.0
2023-02-13,53T,19.0
2023-02-14,53T,24.0
2023-02-15,53T,39.0
2023-02-16,53T,31.0
2023-02-17,53T,41.0
2023-02-18,53T,52.0
2023-02-19,53T,60.0
2023-02-20,53T,45.0
2023-02-21,53T,43.0
2023-02-22,53T,52.0
2023-02-23,53T,54.0
2023-02-24,53T,66.0
2023-02-25,53T,47.0
2023-02-26,53T,39.0
2023-02-27,53T,47.0
2023-02-28,53T,61.0
2023-03-01,53T,63.0
2023-03-02,53T,55.0
2023-03-03,53T,42.0
2023-03-04,53T,64.0
2023-03-05,53T,60.0
2023-03-06,53T,63.0
2023-03-07,53T,86.0
2023-03-08,53T,72.0
2023-03-09,53T,56.0
2023-03-10,53T,54.0
2023-03-11,53T,44.0
2023-03-12,53T,38.0
2023-03-13,53T,51.0
2023-03-14,53T,54.0
2023-03-15,53T,50.0
2023-03-16,53T,30.0
2023-03-17,53T,27.0
2023-03-18,53T,25.0
2023-03-19,53T,24.0
2023-03-20,53T,24.0
2023-03-21,53T,24.0
2023-03-22,53T,26.0
2023-03-23,53T,19.0
2023-03-24,53T,23.0
2023-03-25,53T,23.0
2023-03-26,53T,19.0
2023-03-27,53T,21.0
2023-03-28,53T,15.0
2023-03-29,53T,14.0
2023-03-30,53T,19.0
2023-03-31,53T,18.0
2023-04-01,53T,21.0
2023-04-02,53T,23.0
2023-04-03,53T,33.0
2023-04-04,53T,39.0
2023-04-05,53T,49.0
2023-04-06,53T,41.0
2023-04-07,53T,
2023-04-08,53T,19.0
2023-04-09,53T,21.0
2023-04-10,53T,18.0
2023-04-11,53T,31.0
2023-04-12,53T,33.0
2023-04-13,53T,40.0
2023-04-14,53T,46.0
2023-04-15,53T,54.0
2023-04-16,53T,51.0
2023-04-17,53T,
2023-04-18,53T,
2023-04-19,53T,46.0
2023-04-20,53T,43.0
2023-04-21,53T,54.0
2023-04-22,53T,52.0
2023-04-23,53T,33.0
2023-04-24,53T,26.0
2023-04-25,53T,23.0
2023-04-26,53T,23.0
2023-04-27,53T,38.0
2023-04-28,53T,26.0
2023-04-29,53T,24.0
2023-04-30,53T,21.0
2023-02-01,54T,91.0
2023-02-02,54T,94.0
2023-02-03,54T,59.0
2023-02-04,54T,35.0
2023-02-05,54T,29.0
2023-02-06,54T,26.0
2023-02-07,54T,25.0
2023-02-08,54T,23.0
2023-02-09,54T,25.0
2023-02-10,54T,21.0
2023-02-11,54T,24.0
2023-02-12,54T,25.0
2023-02-13,54T,27.0
2023-02-14,54T,34.0
2023-02-15,54T,42.0
2023-02-16,54T,35.0
2023-02-17,54T,41.0
2023-02-18,54T,53.0
2023-02-19,54T,59.0
2023-02-20,54T,46.0
2023-02-21,54T,42.0
2023-02-22,54T,50.0
2023-02-23,54T,53.0
2023-02-24,54T,62.0
2023-02-25,54T,45.0
2023-02-26,54T,37.0
2023-02-27,54T,43.0
2023-02-28,54T,65.0
2023-03-01,54T,64.0
2023-03-02,54T,55.0
2023-03-03,54T,45.0
2023-03-04,54T,62.0
2023-03-05,54T,59.0
2023-03-06,54T,59.0
2023-03-07,54T,86.0
2023-03-08,54T,77.0
2023-03-09,54T,66.0
2023-03-10,54T,67.0
2023-03-11,54T,53.0
2023-03-12,54T,46.0
2023-03-13,54T,48.0
2023-03-14,54T,51.0
2023-03-15,54T,54.0
2023-03-16,54T,39.0
2023-03-17,54T,34.0
2023-03-18,54T,33.0
2023-03-19,54T,35.0
2023-03-20,54T,36.0
2023-03-21,54T,34.0
2023-03-22,54T,32.0
2023-03-23,54T,27.0
2023-03-24,54T,35.0
2023-03-25,54T,34.0
2023-03-26,54T,28.0
2023-03-27,54T,30.0
2023-03-28,54T,25.0
2023-03-29,54T,25.0
2023-03-30,54T,28.0
2023-03-31,54T,29.0
2023-04-01,54T,33.0
2023-04-02,54T,38.0
2023-04-03,54T,41.0
2023-04-04,54T,55.0
2023-04-05,54T,54.0
2023-04-06,54T,51.0
2023-04-07,54T,40.0
2023-04-08,54T,28.0
2023-04-09,54T,31.0
2023-04-10,54T,27.0
2023-04-11,54T,40.0
2023-04-12,54T,42.0
2023-04-13,54T,53.0
2023-04-14,54T,56.0
2023-04-15,54T,70.0
2023-04-16,54T,74.0
2023-04-17,54T,56.0
2023-04-18,54T,61.0
2023-04-19,54T,60.0
2023-04-20,54T,54.0
2023-04-21,54T,63.0
2023-04-22,54T,63.0
2023-04-23,54T,51.0
2023-04-24,54T,37.0
2023-04-25,54T,34.0
2023-04-26,54T,38.0
2023-04-27,54T,53.0
2023-04-28,54T,41.0
2023-04-29,54T,37.0
2023-04-30,54T,34.0
2023-02-01,08T,90.0
2023-02-02,08T,104.0
2023-02-03,08T,40.0
2023-02-04,08T,26.0
2023-02-05,08T,19.0
2023-02-06,08T,17.0
2023-02-07,08T,18.0
2023-02-08,08T,18.0
2023-02-09,08T,18.0
2023-02-10,08T,17.0
2023-02-11,08T,16.0
2023-02-12,08T,17.0
2023-02-13,08T,19.0
2023-02-14,08T,22.0
2023-02-15,08T,33.0
2023-02-16,08T,29.0
2023-02-17,08T,38.0
2023-02-18,08T,52.0
2023-02-19,08T,61.0
2023-02-20,08T,48.0
2023-02-21,08T,42.0
2023-02-22,08T,51.0
2023-02-23,08T,55.0
2023-02-24,08T,64.0
2023-02-25,08T,48.0
2023-02-26,08T,36.0
2023-02-27,08T,43.0
2023-02-28,08T,59.0
2023-03-01,08T,57.0
2023-03-02,08T,56.0
2023-03-03,08T,45.0
2023-03-04,08T,58.0
2023-03-05,08T,56.0
2023-03-06,08T,61.0
2023-03-07,08T,81.0
2023-03-08,08T,69.0
2023-03-09,08T,49.0
2023-03-10,08T,50.0
2023-03-11,08T,40.0
2023-03-12,08T,37.0
2023-03-13,08T,49.0
2023-03-14,08T,54.0
2023-03-15,08T,49.0
2023-03-16,08T,32.0
2023-03-17,08T,29.0
2023-03-18,08T,26.0
2023-03-19,08T,28.0
2023-03-20,08T,27.0
2023-03-21,08T,26.0
2023-03-22,08T,25.0
2023-03-23,08T,21.0
2023-03-24,08T,25.0
2023-03-25,08T,23.0
2023-03-26,08T,22.0
2023-03-27,08T,22.0
2023-03-28,08T,19.0
2023-03-29,08T,17.0
2023-03-30,08T,18.0
2023-03-31,08T,21.0
2023-04-01,08T,24.0
2023-04-02,08T,26.0
2023-04-03,08T,38.0
2023-04-04,08T,47.0
2023-04-05,08T,49.0
2023-04-06,08T,47.0
2023-04-07,08T,30.0
2023-04-08,08T,25.0
2023-04-09,08T,22.0
2023-04-10,08T,21.0
2023-04-11,08T,35.0
2023-04-12,08T,36.0
2023-04-13,08T,47.0
2023-04-14,08T,51.0
2023-04-15,08T,58.0
2023-04-16,08T,57.0
2023-04-17,08T,53.0
2023-04-18,08T,47.0
2023-04-19,08T,50.0
2023-04-20,08T,48.0
2023-04-21,08T,58.0
2023-04-22,08T,54.0
2023-04-23,08T,36.0
2023-04-24,08T,24.0
2023-04-25,08T,23.0
2023-04-26,08T,27.0
2023-04-27,08T,36.0
2023-04-28,08T,23.0
2023-04-29,08T,25.0
2023-04-30,08T,21.0
2023-02-01,16T,
2023-02-02,16T,
2023-02-03,16T,
2023-02-04,16T,19.0
2023-02-05,16T,12.0
2023-02-06,16T,14.0
2023-02-07,16T,15.0
2023-02-08,16T,15.0
2023-02-09,16T,16.0
2023-02-10,16T,15.0
2023-02-11,16T,14.0
2023-02-12,16T,14.0
2023-02-13,16T,15.0
2023-02-14,16T,17.0
2023-02-15,16T,23.0
2023-02-16,16T,26.0
2023-02-17,16T,37.0
2023-02-18,16T,46.0
2023-02-19,16T,59.0
2023-02-20,16T,46.0
2023-02-21,16T,40.0
2023-02-22,16T,56.0
2023-02-23,16T,53.0
2023-02-24,16T,65.0
2023-02-25,16T,51.0
2023-02-26,16T,
2023-02-27,16T,
2023-02-28,16T,62.0
2023-03-01,16T,
2023-03-02,16T,
2023-03-03,16T,
2023-03-04,16T,
2023-03-05,16T,
2023-03-06,16T,
2023-03-07,16T,
2023-03-08,16T,68.0
2023-03-09,16T,41.0
2023-03-10,16T,44.0
2023-03-11,16T,33.0
2023-03-12,16T,30.0
2023-03-13,16T,48.0
2023-03-14,16T,52.0
2023-03-15,16T,42.0
2023-03-16,16T,30.0
2023-03-17,16T,22.0
2023-03-18,16T,23.0
2023-03-19,16T,22.0
2023-03-20,16T,22.0
2023-03-21,16T,20.0
2023-03-22,16T,18.0
2023-03-23,16T,15.0
2023-03-24,16T,19.0
2023-03-25,16T,19.0
2023-03-26,16T,
2023-03-27,16T,
2023-03-28,16T,16.0
2023-03-29,16T,13.0
2023-03-30,16T,11.0
2023-03-31,16T,17.0
2023-04-01,16T,22.0
2023-04-02,16T,
2023-04-03,16T,
2023-04-04,16T,43.0
2023-04-05,16T,52.0
2023-04-06,16T,40.0
2023-04-07,16T,24.0
2023-04-08,16T,19.0
2023-04-09,16T,
2023-04-10,16T,
2023-04-11,16T,
2023-04-12,16T,32.0
2023-04-13,16T,42.0
2023-04-14,16T,48.0
2023-04-15,16T,58.0
2023-04-16,16T,62.0
2023-04-17,16T,53.0
2023-04-18,16T,45.0
2023-04-19,16T,48.0
2023-04-20,16T,48.0
2023-04-21,16T,57.0
2023-04-22,16T,57.0
2023-04-23,16T,38.0
2023-04-24,16T,23.0
2023-04-25,16T,24.0
2023-04-26,16T,25.0
2023-04-27,16T,36.0
2023-04-28,16T,23.0
2023-04-29,16T,26.0
2023-04-30,16T,17.0
2023-02-01,17T,77.0
2023-02-02,17T,77.0
2023-02-03,17T,31.0
2023-02-04,17T,17.0
2023-02-05,17T,11.0
2023-02-06,17T,12.0
2023-02-07,17T,13.0
2023-02-08,17T,12.0
2023-02-09,17T,12.0
2023-02-10,17T,11.0
2023-02-11,17T,10.0
2023-02-12,17T,11.0
2023-02-13,17T,14.0
2023-02-14,17T,16.0
2023-02-15,17T,24.0
2023-02-16,17T,18.0
2023-02-17,17T,29.0
2023-02-18,17T,42.0
2023-02-19,17T,51.0
2023-02-20,17T,39.0
2023-02-21,17T,35.0
2023-02-22,17T,44.0
2023-02-23,17T,45.0
2023-02-24,17T,54.0
2023-02-25,17T,42.0
2023-02-26,17T,28.0
2023-02-27,17T,33.0
2023-02-28,17T,53.0
2023-03-01,17T,48.0
2023-03-02,17T,48.0
2023-03-03,17T,40.0
2023-03-04,17T,54.0
2023-03-05,17T,52.0
2023-03-06,17T,55.0
2023-03-07,17T,69.0
2023-03-08,17T,59.0
2023-03-09,17T,38.0
2023-03-10,17T,40.0
2023-03-11,17T,34.0
2023-03-12,17T,30.0
2023-03-13,17T,38.0
2023-03-14,17T,42.0
2023-03-15,17T,41.0
2023-03-16,17T,25.0
2023-03-17,17T,21.0
2023-03-18,17T,17.0
2023-03-19,17T,19.0
2023-03-20,17T,20.0
2023-03-21,17T,20.0
2023-03-22,17T,20.0
2023-03-23,17T,14.0
2023-03-24,17T,16.0
2023-03-25,17T,17.0
2023-03-26,17T,16.0
2023-03-27,17T,15.0
2023-03-28,17T,12.0
2023-03-29,17T,9.0
2023-03-30,17T,12.0
2023-03-31,17T,16.0
2023-04-01,17T,20.0
2023-04-02,17T,20.0
2023-04-03,17T,30.0
2023-04-04,17T,39.0
2023-04-05,17T,43.0
2023-04-06,17T,40.0
2023-04-07,17T,24.0
2023-04-08,17T,17.0
2023-04-09,17T,15.0
2023-04-10,17T,14.0
2023-04-11,17T,27.0
2023-04-12,17T,28.0
2023-04-13,17T,40.0
2023-04-14,17T,45.0
2023-04-15,17T,52.0
2023-04-16,17T,51.0
2023-04-17,17T,47.0
2023-04-18,17T,41.0
2023-04-19,17T,45.0
2023-04-20,17T,43.0
2023-04-21,17T,54.0
2023-04-22,17T,51.0
2023-04-23,17T,31.0
2023-04-24,17T,23.0
2023-04-25,17T,18.0
2023-04-26,17T,23.0
2023-04-27,17T,32.0
2023-04-28,17T,19.0
2023-04-29,17T,23.0
2023-04-30,17T,16.0
2023-02-01,18T,103.0
2023-02-02,18T,156.0
2023-02-03,18T,56.0
2023-02-04,18T,37.0
2023-02-05,18T,26.0
2023-02-06,18T,24.0
2023-02-07,18T,25.0
2023-02-08,18T,24.0
2023-02-09,18T,21.0
2023-02-10,18T,22.0
2023-02-11,18T,22.0
2023-02-12,18T,24.0
2023-02-13,18T,25.0
2023-02-14,18T,28.0
2023-02-15,18T,39.0
2023-02-16,18T,39.0
2023-02-17,18T,44.0
2023-02-18,18T,59.0
2023-02-19,18T,71.0
2023-02-20,18T,61.0
2023-02-21,18T,51.0
2023-02-22,18T,59.0
2023-02-23,18T,63.0
2023-02-24,18T,71.0
2023-02-25,18T,57.0
2023-02-26,18T,41.0
2023-02-27,18T,50.0
2023-02-28,18T,61.0
2023-03-01,18T,57.0
2023-03-02,18T,58.0
2023-03-03,18T,45.0
2023-03-04,18T,63.0
2023-03-05,18T,57.0
2023-03-06,18T,62.0
2023-03-07,18T,78.0
2023-03-08,18T,62.0
2023-03-09,18T,48.0
2023-03-10,18T,49.0
2023-03-11,18T,41.0
2023-03-12,18T,40.0
2023-03-13,18T,56.0
2023-03-14,18T,63.0
2023-03-15,18T,55.0
2023-03-16,18T,36.0
2023-03-17,18T,33.0
2023-03-18,18T,29.0
2023-03-19,18T,30.0
2023-03-20,18T,28.0
2023-03-21,18T,31.0
2023-03-22,18T,29.0
2023-03-23,18T,24.0
2023-03-24,18T,27.0
2023-03-25,18T,27.0
2023-03-26,18T,24.0
2023-03-27,18T,26.0
2023-03-28,18T,21.0
2023-03-29,18T,19.0
2023-03-30,18T,20.0
2023-03-31,18T,23.0
2023-04-01,18T,26.0
2023-04-02,18T,29.0
2023-04-03,18T,40.0
2023-04-04,18T,50.0
2023-04-05,18T,56.0
2023-04-06,18T,50.0
2023-04-07,18T,36.0
2023-04-08,18T,29.0
2023-04-09,18T,26.0
2023-04-10,18T,25.0
2023-04-11,18T,39.0
2023-04-12,18T,39.0
2023-04-13,18T,51.0
2023-04-14,18T,54.0
2023-04-15,18T,64.0
2023-04-16,18T,65.0
2023-04-17,18T,59.0
2023-04-18,18T,51.0
2023-04-19,18T,53.0
2023-04-20,18T,55.0
2023-04-21,18T,65.0
2023-04-22,18T,64.0
2023-04-23,18T,44.0
2023-04-24,18T,33.0
2023-04-25,18T,30.0
2023-04-26,18T,32.0
2023-04-27,18T,46.0
2023-04-28,18T,31.0
2023-04-29,18T,30.0
2023-04-30,18T,25.0
2023-02-01,19T,71.0
2023-02-02,19T,61.0
2023-02-03,19T,34.0
2023-02-04,19T,26.0
2023-02-05,19T,18.0
2023-02-06,19T,19.0
2023-02-07,19T,18.0
2023-02-08,19T,21.0
2023-02-09,19T,22.0
2023-02-10,19T,22.0
2023-02-11,19T,28.0
2023-02-12,19T,20.0
2023-02-13,19T,24.0
2023-02-14,19T,27.0
2023-02-15,19T,31.0
2023-02-16,19T,30.0
2023-02-17,19T,38.0
2023-02-18,19T,50.0
2023-02-19,19T,56.0
2023-02-20,19T,42.0
2023-02-21,19T,42.0
2023-02-22,19T,47.0
2023-02-23,19T,45.0
2023-02-24,19T,50.0
2023-02-25,19T,46.0
2023-02-26,19T,36.0
2023-02-27,19T,40.0
2023-02-28,19T,49.0
2023-03-01,19T,51.0
2023-03-02,19T,43.0
2023-03-03,19T,41.0
2023-03-04,19T,53.0
2023-03-05,19T,52.0
2023-03-06,19T,53.0
2023-03-07,19T,56.0
2023-03-08,19T,55.0
2023-03-09,19T,39.0
2023-03-10,19T,42.0
2023-03-11,19T,34.0
2023-03-12,19T,32.0
2023-03-13,19T,43.0
2023-03-14,19T,38.0
2023-03-15,19T,39.0
2023-03-16,19T,27.0
2023-03-17,19T,25.0
2023-03-18,19T,22.0
2023-03-19,19T,23.0
2023-03-20,19T,20.0
2023-03-21,19T,23.0
2023-03-22,19T,21.0
2023-03-23,19T,18.0
2023-03-24,19T,19.0
2023-03-25,19T,20.0
2023-03-26,19T,19.0
2023-03-27,19T,20.0
2023-03-28,19T,18.0
2023-03-29,19T,16.0
2023-03-30,19T,18.0
2023-03-31,19T,19.0
2023-04-01,19T,22.0
2023-04-02,19T,21.0
2023-04-03,19T,26.0
2023-04-04,19T,29.0
2023-04-05,19T,36.0
2023-04-06,19T,33.0
2023-04-07,19T,25.0
2023-04-08,19T,22.0
2023-04-09,19T,23.0
2023-04-10,19T,16.0
2023-04-11,19T,26.0
2023-04-12,19T,30.0
2023-04-13,19T,37.0
2023-04-14,19T,39.0
2023-04-15,19T,47.0
2023-04-16,19T,46.0
2023-04-17,19T,43.0
2023-04-18,19T,38.0
2023-04-19,19T,39.0
2023-04-20,19T,38.0
2023-04-21,19T,47.0
2023-04-22,19T,46.0
2023-04-23,19T,35.0
2023-04-24,19T,27.0
2023-04-25,19T,23.0
2023-04-26,19T,23.0
2023-04-27,19T,31.0
2023-04-28,19T,24.0
2023-04-29,19T,24.0
2023-04-30,19T,21.0
2023-02-01,13T,82.0
2023-02-02,13T,89.0
2023-02-03,13T,41.0
2023-02-04,13T,22.0
2023-02-05,13T,20.0
2023-02-06,13T,17.0
2023-02-07,13T,15.0
2023-02-08,13T,16.0
2023-02-09,13T,15.0
2023-02-10,13T,12.0
2023-02-11,13T,11.0
2023-02-12,13T,13.0
2023-02-13,13T,16.0
2023-02-14,13T,
2023-02-15,13T,28.0
2023-02-16,13T,25.0
2023-02-17,13T,31.0
2023-02-18,13T,43.0
2023-02-19,13T,52.0
2023-02-20,13T,37.0
2023-02-21,13T,34.0
2023-02-22,13T,42.0
2023-02-23,13T,48.0
2023-02-24,13T,58.0
2023-02-25,13T,42.0
2023-02-26,13T,32.0
2023-02-27,13T,41.0
2023-02-28,13T,55.0
2023-03-01,13T,55.0
2023-03-02,13T,53.0
2023-03-03,13T,42.0
2023-03-04,13T,58.0
2023-03-05,13T,54.0
2023-03-06,13T,59.0
2023-03-07,13T,79.0
2023-03-08,13T,68.0
2023-03-09,13T,52.0
2023-03-10,13T,49.0
2023-03-11,13T,39.0
2023-03-12,13T,35.0
2023-03-13,13T,43.0
2023-03-14,13T,49.0
2023-03-15,13T,46.0
2023-03-16,13T,27.0
2023-03-17,13T,24.0
2023-03-18,13T,20.0
2023-03-19,13T,21.0
2023-03-20,13T,23.0
2023-03-21,13T,21.0
2023-03-22,13T,24.0
2023-03-23,13T,18.0
2023-03-24,13T,20.0
2023-03-25,13T,19.0
2023-03-26,13T,16.0
2023-03-27,13T,19.0
2023-03-28,13T,12.0
2023-03-29,13T,13.0
2023-03-30,13T,17.0
2023-03-31,13T,15.0
2023-04-01,13T,17.0
2023-04-02,13T,22.0
2023-04-03,13T,33.0
2023-04-04,13T,38.0
2023-04-05,13T,44.0
2023-04-06,13T,42.0
2023-04-07,13T,24.0
2023-04-08,13T,15.0
2023-04-09,13T,17.0
2023-04-10,13T,15.0
2023-04-11,13T,29.0
2023-04-12,13T,33.0
2023-04-13,13T,38.0
2023-04-14,13T,45.0
2023-04-15,13T,52.0
2023-04-16,13T,50.0
2023-04-17,13T,46.0
2023-04-18,13T,40.0
2023-04-19,13T,45.0
2023-04-20,13T,42.0
2023-04-21,13T,53.0
2023-04-22,13T,50.0
2023-04-23,13T,32.0
2023-04-24,13T,24.0
2023-04-25,13T,20.0
2023-04-26,13T,18.0
2023-04-27,13T,37.0
2023-04-28,13T,24.0
2023-04-29,13T,24.0
2023-04-30,13T,18.0
2023-02-01,22T,91.0
2023-02-02,22T,93.0
2023-02-03,22T,46.0
2023-02-04,22T,29.0
2023-02-05,22T,22.0
2023-02-06,22T,22.0
2023-02-07,22T,22.0
2023-02-08,22T,26.0
2023-02-09,22T,22.0
2023-02-10,22T,18.0
2023-02-11,22T,18.0
2023-02-12,22T,21.0
2023-02-13,22T,24.0
2023-02-14,22T,33.0
2023-02-15,22T,43.0
2023-02-16,22T,40.0
2023-02-17,22T,51.0
2023-02-18,22T,68.0
2023-02-19,22T,95.0
2023-02-20,22T,63.0
2023-02-21,22T,57.0
2023-02-22,22T,70.0
2023-02-23,22T,78.0
2023-02-24,22T,96.0
2023-02-25,22T,72.0
2023-02-26,22T,56.0
2023-02-27,22T,64.0
2023-02-28,22T,90.0
2023-03-01,22T,93.0
2023-03-02,22T,87.0
2023-03-03,22T,70.0
2023-03-04,22T,99.0
2023-03-05,22T,81.0
2023-03-06,22T,96.0
2023-03-07,22T,125.0
2023-03-08,22T,94.0
2023-03-09,22T,63.0
2023-03-10,22T,59.0
2023-03-11,22T,48.0
2023-03-12,22T,42.0
2023-03-13,22T,51.0
2023-03-14,22T,60.0
2023-03-15,22T,56.0
2023-03-16,22T,31.0
2023-03-17,22T,27.0
2023-03-18,22T,26.0
2023-03-19,22T,25.0
2023-03-20,22T,28.0
2023-03-21,22T,26.0
2023-03-22,22T,27.0
2023-03-23,22T,19.0
2023-03-24,22T,24.0
2023-03-25,22T,23.0
2023-03-26,22T,19.0
2023-03-27,22T,22.0
2023-03-28,22T,14.0
2023-03-29,22T,13.0
2023-03-30,22T,25.0
2023-03-31,22T,19.0
2023-04-01,22T,21.0
2023-04-02,22T,26.0
2023-04-03,22T,34.0
2023-04-04,22T,43.0
2023-04-05,22T,51.0
2023-04-06,22T,49.0
2023-04-07,22T,25.0
2023-04-08,22T,18.0
2023-04-09,22T,22.0
2023-04-10,22T,18.0
2023-04-11,22T,35.0
2023-04-12,22T,36.0
2023-04-13,22T,41.0
2023-04-14,22T,48.0
2023-04-15,22T,53.0
2023-04-16,22T,49.0
2023-04-17,22T,46.0
2023-04-18,22T,40.0
2023-04-19,22T,44.0
2023-04-20,22T,43.0
2023-04-21,22T,52.0
2023-04-22,22T,49.0
2023-04-23,22T,31.0
2023-04-24,22T,24.0
2023-04-25,22T,21.0
2023-04-26,22T,19.0
2023-04-27,22T,39.0
2023-04-28,22T,26.0
2023-04-29,22T,27.0
2023-04-30,22T,18.0
2023-02-01,14T,94.0
2023-02-02,14T,100.0
2023-02-03,14T,44.0
2023-02-04,14T,27.0
2023-02-05,14T,23.0
2023-02-06,14T,21.0
2023-02-07,14T,20.0
2023-02-08,14T,21.0
2023-02-09,14T,17.0
2023-02-10,14T,18.0
2023-02-11,14T,16.0
2023-02-12,14T,16.0
2023-02-13,14T,19.0
2023-02-14,14T,26.0
2023-02-15,14T,33.0
2023-02-16,14T,31.0
2023-02-17,14T,39.0
2023-02-18,14T,45.0
2023-02-19,14T,50.0
2023-02-20,14T,48.0
2023-02-21,14T,41.0
2023-02-22,14T,52.0
2023-02-23,14T,57.0
2023-02-24,14T,66.0
2023-02-25,14T,51.0
2023-02-26,14T,39.0
2023-02-27,14T,43.0
2023-02-28,14T,66.0
2023-03-01,14T,69.0
2023-03-02,14T,75.0
2023-03-03,14T,57.0
2023-03-04,14T,68.0
2023-03-05,14T,58.0
2023-03-06,14T,71.0
2023-03-07,14T,85.0
2023-03-08,14T,80.0
2023-03-09,14T,50.0
2023-03-10,14T,43.0
2023-03-11,14T,40.0
2023-03-12,14T,37.0
2023-03-13,14T,45.0
2023-03-14,14T,61.0
2023-03-15,14T,57.0
2023-03-16,14T,28.0
2023-03-17,14T,30.0
2023-03-18,14T,29.0
2023-03-19,14T,32.0
2023-03-20,14T,35.0
2023-03-21,14T,36.0
2023-03-22,14T,36.0
2023-03-23,14T,25.0
2023-03-24,14T,25.0
2023-03-25,14T,27.0
2023-03-26,14T,21.0
2023-03-27,14T,24.0
2023-03-28,14T,20.0
2023-03-29,14T,16.0
2023-03-30,14T,16.0
2023-03-31,14T,20.0
2023-04-01,14T,21.0
2023-04-02,14T,28.0
2023-04-03,14T,39.0
2023-04-04,14T,48.0
2023-04-05,14T,51.0
2023-04-06,14T,57.0
2023-04-07,14T,28.0
2023-04-08,14T,21.0
2023-04-09,14T,20.0
2023-04-10,14T,22.0
2023-04-11,14T,34.0
2023-04-12,14T,36.0
2023-04-13,14T,44.0
2023-04-14,14T,49.0
2023-04-15,14T,58.0
2023-04-16,14T,59.0
2023-04-17,14T,54.0
2023-04-18,14T,48.0
2023-04-19,14T,49.0
2023-04-20,14T,48.0
2023-04-21,14T,62.0
2023-04-22,14T,56.0
2023-04-23,14T,38.0
2023-04-24,14T,27.0
2023-04-25,14T,25.0
2023-04-26,14T,27.0
2023-04-27,14T,41.0
2023-04-28,14T,31.0
2023-04-29,14T,30.0
2023-04-30,14T,21.0
2023-02-01,27T,89.0
2023-02-02,27T,98.0
2023-02-03,27T,31.0
2023-02-04,27T,16.0
2023-02-05,27T,15.0
2023-02-06,27T,13.0
2023-02-07,27T,10.0
2023-02-08,27T,11.0
2023-02-09,27T,10.0
2023-02-10,27T,10.0
2023-02-11,27T,9.0
2023-02-12,27T,11.0
2023-02-13,27T,11.0
2023-02-14,27T,15.0
2023-02-15,27T,27.0
2023-02-16,27T,37.0
2023-02-17,27T,39.0
2023-02-18,27T,43.0
2023-02-19,27T,51.0
2023-02-20,27T,45.0
2023-02-21,27T,41.0
2023-02-22,27T,52.0
2023-02-23,27T,55.0
2023-02-24,27T,70.0
2023-02-25,27T,48.0
2023-02-26,27T,36.0
2023-02-27,27T,43.0
2023-02-28,27T,65.0
2023-03-01,27T,68.0
2023-03-02,27T,72.0
2023-03-03,27T,54.0
2023-03-04,27T,65.0
2023-03-05,27T,60.0
2023-03-06,27T,68.0
2023-03-07,27T,80.0
2023-03-08,27T,67.0
2023-03-09,27T,39.0
2023-03-10,27T,39.0
2023-03-11,27T,35.0
2023-03-12,27T,33.0
2023-03-13,27T,45.0
2023-03-14,27T,58.0
2023-03-15,27T,49.0
2023-03-16,27T,23.0
2023-03-17,27T,21.0
2023-03-18,27T,23.0
2023-03-19,27T,28.0
2023-03-20,27T,35.0
2023-03-21,27T,36.0
2023-03-22,27T,36.0
2023-03-23,27T,24.0
2023-03-24,27T,18.0
2023-03-25,27T,21.0
2023-03-26,27T,13.0
2023-03-27,27T,15.0
2023-03-28,27T,13.0
2023-03-29,27T,9.0
2023-03-30,27T,9.0
2023-03-31,27T,15.0
2023-04-01,27T,15.0
2023-04-02,27T,19.0
2023-04-03,27T,31.0
2023-04-04,27T,39.0
2023-04-05,27T,41.0
2023-04-06,27T,49.0
2023-04-07,27T,19.0
2023-04-08,27T,13.0
2023-04-09,27T,12.0
2023-04-10,27T,15.0
2023-04-11,27T,29.0
2023-04-12,27T,29.0
2023-04-13,27T,39.0
2023-04-14,27T,44.0
2023-04-15,27T,53.0
2023-04-16,27T,55.0
2023-04-17,27T,46.0
2023-04-18,27T,42.0
2023-04-19,27T,44.0
2023-04-20,27T,42.0
2023-04-21,27T,53.0
2023-04-22,27T,52.0
2023-04-23,27T,30.0
2023-04-24,27T,17.0
2023-04-25,27T,14.0
2023-04-26,27T,22.0
2023-04-27,27T,36.0
2023-04-28,27T,24.0
2023-04-29,27T,21.0
2023-04-30,27T,16.0
2023-02-01,20T,89.0
2023-02-02,20T,111.0
2023-02-03,20T,63.0
2023-02-04,20T,35.0
2023-02-05,20T,28.0
2023-02-06,20T,22.0
2023-02-07,20T,26.0
2023-02-08,20T,21.0
2023-02-09,20T,19.0
2023-02-10,20T,17.0
2023-02-11,20T,18.0
2023-02-12,20T,17.0
2023-02-13,20T,21.0
2023-02-14,20T,29.0
2023-02-15,20T,40.0
2023-02-16,20T,31.0
2023-02-17,20T,33.0
2023-02-18,20T,51.0
2023-02-19,20T,66.0
2023-02-20,20T,58.0
2023-02-21,20T,44.0
2023-02-22,20T,51.0
2023-02-23,20T,58.0
2023-02-24,20T,77.0
2023-02-25,20T,46.0
2023-02-26,20T,33.0
2023-02-27,20T,44.0
2023-02-28,20T,54.0
2023-03-01,20T,56.0
2023-03-02,20T,65.0
2023-03-03,20T,51.0
2023-03-04,20T,64.0
2023-03-05,20T,52.0
2023-03-06,20T,67.0
2023-03-07,20T,87.0
2023-03-08,20T,85.0
2023-03-09,20T,71.0
2023-03-10,20T,59.0
2023-03-11,20T,48.0
2023-03-12,20T,40.0
2023-03-13,20T,47.0
2023-03-14,20T,46.0
2023-03-15,20T,62.0
2023-03-16,20T,36.0
2023-03-17,20T,31.0
2023-03-18,20T,27.0
2023-03-19,20T,25.0
2023-03-20,20T,29.0
2023-03-21,20T,27.0
2023-03-22,20T,26.0
2023-03-23,20T,21.0
2023-03-24,20T,23.0
2023-03-25,20T,25.0
2023-03-26,20T,20.0
2023-03-27,20T,22.0
2023-03-28,20T,17.0
2023-03-29,20T,14.0
2023-03-30,20T,28.0
2023-03-31,20T,19.0
2023-04-01,20T,22.0
2023-04-02,20T,22.0
2023-04-03,20T,32.0
2023-04-04,20T,39.0
2023-04-05,20T,46.0
2023-04-06,20T,44.0
2023-04-07,20T,30.0
2023-04-08,20T,22.0
2023-04-09,20T,27.0
2023-04-10,20T,17.0
2023-04-11,20T,30.0
2023-04-12,20T,34.0
2023-04-13,20T,38.0
2023-04-14,20T,44.0
2023-04-15,20T,51.0
2023-04-16,20T,48.0
2023-04-17,20T,48.0
2023-04-18,20T,44.0
2023-04-19,20T,42.0
2023-04-20,20T,43.0
2023-04-21,20T,51.0
2023-04-22,20T,50.0
2023-04-23,20T,40.0
2023-04-24,20T,29.0
2023-04-25,20T,29.0
2023-04-26,20T,21.0
2023-04-27,20T,37.0
2023-04-28,20T,32.0
2023-04-29,20T,34.0
2023-04-30,20T,23.0
2023-02-01,81T,90.0
2023-02-02,81T,97.0
2023-02-03,81T,44.0
2023-02-04,81T,22.0
2023-02-05,81T,25.0
2023-02-06,81T,20.0
2023-02-07,81T,18.0
2023-02-08,81T,17.0
2023-02-09,81T,16.0
2023-02-10,81T,15.0
2023-02-11,81T,12.0
2023-02-12,81T,18.0
2023-02-13,81T,18.0
2023-02-14,81T,24.0
2023-02-15,81T,21.0
2023-02-16,81T,28.0
2023-02-17,81T,36.0
2023-02-18,81T,41.0
2023-02-19,81T,46.0
2023-02-20,81T,53.0
2023-02-21,81T,50.0
2023-02-22,81T,55.0
2023-02-23,81T,58.0
2023-02-24,81T,70.0
2023-02-25,81T,59.0
2023-02-26,81T,38.0
2023-02-27,81T,41.0
2023-02-28,81T,59.0
2023-03-01,81T,68.0
2023-03-02,81T,71.0
2023-03-03,81T,53.0
2023-03-04,81T,66.0
2023-03-05,81T,59.0
2023-03-06,81T,66.0
2023-03-07,81T,79.0
2023-03-08,81T,76.0
2023-03-09,81T,53.0
2023-03-10,81T,46.0
2023-03-11,81T,41.0
2023-03-12,81T,36.0
2023-03-13,81T,37.0
2023-03-14,81T,45.0
2023-03-15,81T,52.0
2023-03-16,81T,26.0
2023-03-17,81T,25.0
2023-03-18,81T,20.0
2023-03-19,81T,23.0
2023-03-20,81T,29.0
2023-03-21,81T,23.0
2023-03-22,81T,25.0
2023-03-23,81T,21.0
2023-03-24,81T,28.0
2023-03-25,81T,22.0
2023-03-26,81T,21.0
2023-03-27,81T,20.0
2023-03-28,81T,14.0
2023-03-29,81T,13.0
2023-03-30,81T,16.0
2023-03-31,81T,23.0
2023-04-01,81T,22.0
2023-04-02,81T,31.0
2023-04-03,81T,31.0
2023-04-04,81T,45.0
2023-04-05,81T,40.0
2023-04-06,81T,52.0
2023-04-07,81T,28.0
2023-04-08,81T,20.0
2023-04-09,81T,19.0
2023-04-10,81T,23.0
2023-04-11,81T,31.0
2023-04-12,81T,34.0
2023-04-13,81T,48.0
2023-04-14,81T,51.0
2023-04-15,81T,63.0
2023-04-16,81T,58.0
2023-04-17,81T,53.0
2023-04-18,81T,44.0
2023-04-19,81T,45.0
2023-04-20,81T,49.0
2023-04-21,81T,56.0
2023-04-22,81T,53.0
2023-04-23,81T,39.0
2023-04-24,81T,25.0
2023-04-25,81T,27.0
2023-04-26,81T,18.0
2023-04-27,81T,25.0
2023-04-28,81T,24.0
2023-04-29,81T,22.0
2023-04-30,81T,16.0
2023-02-01,21T,86.0
2023-02-02,21T,94.0
2023-02-03,21T,86.0
2023-02-04,21T,38.0
2023-02-05,21T,32.0
2023-02-06,21T,24.0
2023-02-07,21T,19.0
2023-02-08,21T,19.0
2023-02-09,21T,20.0
2023-02-10,21T,14.0
2023-02-11,21T,17.0
2023-02-12,21T,17.0
2023-02-13,21T,21.0
2023-02-14,21T,28.0
2023-02-15,21T,31.0
2023-02-16,21T,22.0
2023-02-17,21T,30.0
2023-02-18,21T,36.0
2023-02-19,21T,56.0
2023-02-20,21T,37.0
2023-02-21,21T,35.0
2023-02-22,21T,40.0
2023-02-23,21T,44.0
2023-02-24,21T,57.0
2023-02-25,21T,35.0
2023-02-26,21T,30.0
2023-02-27,21T,36.0
2023-02-28,21T,45.0
2023-03-01,21T,51.0
2023-03-02,21T,45.0
2023-03-03,21T,38.0
2023-03-04,21T,49.0
2023-03-05,21T,44.0
2023-03-06,21T,62.0
2023-03-07,21T,72.0
2023-03-08,21T,77.0
2023-03-09,21T,68.0
2023-03-10,21T,57.0
2023-03-11,21T,61.0
2023-03-12,21T,42.0
2023-03-13,21T,40.0
2023-03-14,21T,40.0
2023-03-15,21T,58.0
2023-03-16,21T,39.0
2023-03-17,21T,32.0
2023-03-18,21T,31.0
2023-03-19,21T,26.0
2023-03-20,21T,34.0
2023-03-21,21T,28.0
2023-03-22,21T,
2023-03-23,21T,26.0
2023-03-24,21T,29.0
2023-03-25,21T,26.0
2023-03-26,21T,24.0
2023-03-27,21T,29.0
2023-03-28,21T,23.0
2023-03-29,21T,23.0
2023-03-30,21T,30.0
2023-03-31,21T,22.0
2023-04-01,21T,24.0
2023-04-02,21T,31.0
2023-04-03,21T,41.0
2023-04-04,21T,47.0
2023-04-05,21T,53.0
2023-04-06,21T,60.0
2023-04-07,21T,43.0
2023-04-08,21T,28.0
2023-04-09,21T,32.0
2023-04-10,21T,23.0
2023-04-11,21T,35.0
2023-04-12,21T,40.0
2023-04-13,21T,47.0
2023-04-14,21T,58.0
2023-04-15,21T,55.0
2023-04-16,21T,56.0
2023-04-17,21T,62.0
2023-04-18,21T,49.0
2023-04-19,21T,46.0
2023-04-20,21T,52.0
2023-04-21,21T,64.0
2023-04-22,21T,64.0
2023-04-23,21T,45.0
2023-04-24,21T,40.0
2023-04-25,21T,38.0
2023-04-26,21T,27.0
2023-04-27,21T,42.0
2023-04-28,21T,33.0
2023-04-29,21T,30.0
2023-04-30,21T,17.0
2023-02-01,24T,91.0
2023-02-02,24T,119.0
2023-02-03,24T,102.0
2023-02-04,24T,67.0
2023-02-05,24T,48.0
2023-02-06,24T,54.0
2023-02-07,24T,43.0
2023-02-08,24T,38.0
2023-02-09,24T,39.0
2023-02-10,24T,28.0
2023-02-11,24T,28.0
2023-02-12,24T,31.0
2023-02-13,24T,33.0
2023-02-14,24T,41.0
2023-02-15,24T,48.0
2023-02-16,24T,36.0
2023-02-17,24T,43.0
2023-02-18,24T,59.0
2023-02-19,24T,74.0
2023-02-20,24T,43.0
2023-02-21,24T,53.0
2023-02-22,24T,60.0
2023-02-23,24T,62.0
2023-02-24,24T,74.0
2023-02-25,24T,47.0
2023-02-26,24T,39.0
2023-02-27,24T,46.0
2023-02-28,24T,57.0
2023-03-01,24T,67.0
2023-03-02,24T,54.0
2023-03-03,24T,53.0
2023-03-04,24T,61.0
2023-03-05,24T,52.0
2023-03-06,24T,65.0
2023-03-07,24T,92.0
2023-03-08,24T,106.0
2023-03-09,24T,108.0
2023-03-10,24T,77.0
2023-03-11,24T,82.0
2023-03-12,24T,60.0
2023-03-13,24T,61.0
2023-03-14,24T,43.0
2023-03-15,24T,64.0
2023-03-16,24T,53.0
2023-03-17,24T,49.0
2023-03-18,24T,35.0
2023-03-19,24T,32.0
2023-03-20,24T,42.0
2023-03-21,24T,37.0
2023-03-22,24T,37.0
2023-03-23,24T,36.0
2023-03-24,24T,41.0
2023-03-25,24T,40.0
2023-03-26,24T,32.0
2023-03-27,24T,38.0
2023-03-28,24T,33.0
2023-03-29,24T,31.0
2023-03-30,24T,34.0
2023-03-31,24T,32.0
2023-04-01,24T,33.0
2023-04-02,24T,32.0
2023-04-03,24T,45.0
2023-04-04,24T,52.0
2023-04-05,24T,61.0
2023-04-06,24T,57.0
2023-04-07,24T,48.0
2023-04-08,24T,37.0
2023-04-09,24T,42.0
2023-04-10,24T,33.0
2023-04-11,24T,39.0
2023-04-12,24T,46.0
2023-04-13,24T,
2023-04-14,24T,48.0
2023-04-15,24T,54.0
2023-04-16,24T,62.0
2023-04-17,24T,59.0
2023-04-18,24T,55.0
2023-04-19,24T,47.0
2023-04-20,24T,60.0
2023-04-21,24T,63.0
2023-04-22,24T,64.0
2023-04-23,24T,42.0
2023-04-24,24T,44.0
2023-04-25,24T,43.0
2023-04-26,24T,34.0
2023-04-27,24T,37.0
2023-04-28,24T,40.0
2023-04-29,24T,39.0
2023-04-30,24T,33.0
2023-02-01,25T,62.0
2023-02-02,25T,69.0
2023-02-03,25T,46.0
2023-02-04,25T,40.0
2023-02-05,25T,26.0
2023-02-06,25T,21.0
2023-02-07,25T,19.0
2023-02-08,25T,19.0
2023-02-09,25T,20.0
2023-02-10,25T,16.0
2023-02-11,25T,17.0
2023-02-12,25T,17.0
2023-02-13,25T,20.0
2023-02-14,25T,24.0
2023-02-15,25T,25.0
2023-02-16,25T,22.0
2023-02-17,25T,28.0
2023-02-18,25T,31.0
2023-02-19,25T,45.0
2023-02-20,25T,26.0
2023-02-21,25T,31.0
2023-02-22,25T,38.0
2023-02-23,25T,35.0
2023-02-24,25T,38.0
2023-02-25,25T,30.0
2023-02-26,25T,30.0
2023-02-27,25T,33.0
2023-02-28,25T,39.0
2023-03-01,25T,37.0
2023-03-02,25T,39.0
2023-03-03,25T,38.0
2023-03-04,25T,37.0
2023-03-05,25T,29.0
2023-03-06,25T,40.0
2023-03-07,25T,50.0
2023-03-08,25T,50.0
2023-03-09,25T,47.0
2023-03-10,25T,57.0
2023-03-11,25T,65.0
2023-03-12,25T,50.0
2023-03-13,25T,41.0
2023-03-14,25T,32.0
2023-03-15,25T,55.0
2023-03-16,25T,41.0
2023-03-17,25T,36.0
2023-03-18,25T,31.0
2023-03-19,25T,28.0
2023-03-20,25T,34.0
2023-03-21,25T,32.0
2023-03-22,25T,32.0
2023-03-23,25T,28.0
2023-03-24,25T,34.0
2023-03-25,25T,35.0
2023-03-26,25T,25.0
2023-03-27,25T,30.0
2023-03-28,25T,24.0
2023-03-29,25T,19.0
2023-03-30,25T,22.0
2023-03-31,25T,24.0
2023-04-01,25T,24.0
2023-04-02,25T,24.0
2023-04-03,25T,32.0
2023-04-04,25T,42.0
2023-04-05,25T,41.0
2023-04-06,25T,40.0
2023-04-07,25T,36.0
2023-04-08,25T,23.0
2023-04-09,25T,25.0
2023-04-10,25T,22.0
2023-04-11,25T,30.0
2023-04-12,25T,36.0
2023-04-13,25T,39.0
2023-04-14,25T,48.0
2023-04-15,25T,52.0
2023-04-16,25T,49.0
2023-04-17,25T,53.0
2023-04-18,25T,45.0
2023-04-19,25T,40.0
2023-04-20,25T,50.0
2023-04-21,25T,54.0
2023-04-22,25T,53.0
2023-04-23,25T,35.0
2023-04-24,25T,27.0
2023-04-25,25T,30.0
2023-04-26,25T,21.0
2023-04-27,25T,22.0
2023-04-28,25T,27.0
2023-04-29,25T,22.0
2023-04-30,25T,17.0
2023-02-01,26T,100.0
2023-02-02,26T,111.0
2023-02-03,26T,81.0
2023-02-04,26T,39.0
2023-02-05,26T,31.0
2023-02-06,26T,32.0
2023-02-07,26T,27.0
2023-02-08,26T,29.0
2023-02-09,26T,27.0
2023-02-10,26T,25.0
2023-02-11,26T,24.0
2023-02-12,26T,26.0
2023-02-13,26T,27.0
2023-02-14,26T,33.0
2023-02-15,26T,30.0
2023-02-16,26T,36.0
2023-02-17,26T,47.0
2023-02-18,26T,47.0
2023-02-19,26T,66.0
2023-02-20,26T,72.0
2023-02-21,26T,69.0
2023-02-22,26T,80.0
2023-02-23,26T,73.0
2023-02-24,26T,95.0
2023-02-25,26T,78.0
2023-02-26,26T,49.0
2023-02-27,26T,52.0
2023-02-28,26T,66.0
2023-03-01,26T,77.0
2023-03-02,26T,79.0
2023-03-03,26T,71.0
2023-03-04,26T,83.0
2023-03-05,26T,67.0
2023-03-06,26T,80.0
2023-03-07,26T,92.0
2023-03-08,26T,90.0
2023-03-09,26T,73.0
2023-03-10,26T,65.0
2023-03-11,26T,54.0
2023-03-12,26T,48.0
2023-03-13,26T,44.0
2023-03-14,26T,61.0
2023-03-15,26T,63.0
2023-03-16,26T,38.0
2023-03-17,26T,33.0
2023-03-18,26T,34.0
2023-03-19,26T,33.0
2023-03-20,26T,38.0
2023-03-21,26T,35.0
2023-03-22,26T,34.0
2023-03-23,26T,30.0
2023-03-24,26T,32.0
2023-03-25,26T,32.0
2023-03-26,26T,28.0
2023-03-27,26T,28.0
2023-03-28,26T,22.0
2023-03-29,26T,19.0
2023-03-30,26T,33.0
2023-03-31,26T,40.0
2023-04-01,26T,29.0
2023-04-02,26T,36.0
2023-04-03,26T,42.0
2023-04-04,26T,52.0
2023-04-05,26T,48.0
2023-04-06,26T,56.0
2023-04-07,26T,44.0
2023-04-08,26T,32.0
2023-04-09,26T,33.0
2023-04-10,26T,35.0
2023-04-11,26T,39.0
2023-04-12,26T,44.0
2023-04-13,26T,51.0
2023-04-14,26T,60.0
2023-04-15,26T,71.0
2023-04-16,26T,64.0
2023-04-17,26T,60.0
2023-04-18,26T,55.0
2023-04-19,26T,55.0
2023-04-20,26T,49.0
2023-04-21,26T,57.0
2023-04-22,26T,59.0
2023-04-23,26T,49.0
2023-04-24,26T,34.0
2023-04-25,26T,29.0
2023-04-26,26T,23.0
2023-04-27,26T,27.0
2023-04-28,26T,28.0
2023-04-29,26T,26.0
2023-04-30,26T,19.0
2023-02-01,79T,49.0
2023-02-02,79T,49.0
2023-02-03,79T,50.0
2023-02-04,79T,29.0
2023-02-05,79T,17.0
2023-02-06,79T,19.0
2023-02-07,79T,14.0
2023-02-08,79T,15.0
2023-02-09,79T,19.0
2023-02-10,79T,22.0
2023-02-11,79T,22.0
2023-02-12,79T,22.0
2023-02-13,79T,28.0
2023-02-14,79T,36.0
2023-02-15,79T,29.0
2023-02-16,79T,23.0
2023-02-17,79T,27.0
2023-02-18,79T,33.0
2023-02-19,79T,45.0
2023-02-20,79T,38.0
2023-02-21,79T,36.0
2023-02-22,79T,38.0
2023-02-23,79T,42.0
2023-02-24,79T,51.0
2023-02-25,79T,38.0
2023-02-26,79T,25.0
2023-02-27,79T,27.0
2023-02-28,79T,38.0
2023-03-01,79T,49.0
2023-03-02,79T,45.0
2023-03-03,79T,35.0
2023-03-04,79T,37.0
2023-03-05,79T,33.0
2023-03-06,79T,
2023-03-07,79T,67.0
2023-03-08,79T,83.0
2023-03-09,79T,76.0
2023-03-10,79T,58.0
2023-03-11,79T,52.0
2023-03-12,79T,41.0
2023-03-13,79T,31.0
2023-03-14,79T,38.0
2023-03-15,79T,42.0
2023-03-16,79T,37.0
2023-03-17,79T,37.0
2023-03-18,79T,34.0
2023-03-19,79T,33.0
2023-03-20,79T,39.0
2023-03-21,79T,38.0
2023-03-22,79T,34.0
2023-03-23,79T,33.0
2023-03-24,79T,39.0
2023-03-25,79T,39.0
2023-03-26,79T,39.0
2023-03-27,79T,42.0
2023-03-28,79T,22.0
2023-03-29,79T,28.0
2023-03-30,79T,38.0
2023-03-31,79T,42.0
2023-04-01,79T,42.0
2023-04-02,79T,32.0
2023-04-03,79T,33.0
2023-04-04,79T,47.0
2023-04-05,79T,44.0
2023-04-06,79T,47.0
2023-04-07,79T,52.0
2023-04-08,79T,35.0
2023-04-09,79T,33.0
2023-04-10,79T,30.0
2023-04-11,79T,33.0
2023-04-12,79T,41.0
2023-04-13,79T,44.0
2023-04-14,79T,49.0
2023-04-15,79T,49.0
2023-04-16,79T,45.0
2023-04-17,79T,39.0
2023-04-18,79T,38.0
2023-04-19,79T,37.0
2023-04-20,79T,41.0
2023-04-21,79T,39.0
2023-04-22,79T,45.0
2023-04-23,79T,42.0
2023-04-24,79T,30.0
2023-04-25,79T,31.0
2023-04-26,79T,21.0
2023-04-27,79T,21.0
2023-04-28,79T,19.0
2023-04-29,79T,16.0
2023-04-30,79T,18.0
2023-02-01,84T,130.0
2023-02-02,84T,106.0
2023-02-03,84T,34.0
2023-02-04,84T,15.0
2023-02-05,84T,16.0
2023-02-06,84T,15.0
2023-02-07,84T,13.0
2023-02-08,84T,12.0
2023-02-09,84T,11.0
2023-02-10,84T,11.0
2023-02-11,84T,11.0
2023-02-12,84T,12.0
2023-02-13,84T,13.0
2023-02-14,84T,15.0
2023-02-15,84T,17.0
2023-02-16,84T,27.0
2023-02-17,84T,71.0
2023-02-18,84T,72.0
2023-02-19,84T,88.0
2023-02-20,84T,78.0
2023-02-21,84T,81.0
2023-02-22,84T,91.0
2023-02-23,84T,58.0
2023-02-24,84T,81.0
2023-02-25,84T,56.0
2023-02-26,84T,39.0
2023-02-27,84T,43.0
2023-02-28,84T,63.0
2023-03-01,84T,73.0
2023-03-02,84T,71.0
2023-03-03,84T,60.0
2023-03-04,84T,66.0
2023-03-05,84T,60.0
2023-03-06,84T,65.0
2023-03-07,84T,72.0
2023-03-08,84T,70.0
2023-03-09,84T,45.0
2023-03-10,84T,36.0
2023-03-11,84T,32.0
2023-03-12,84T,30.0
2023-03-13,84T,36.0
2023-03-14,84T,48.0
2023-03-15,84T,43.0
2023-03-16,84T,23.0
2023-03-17,84T,18.0
2023-03-18,84T,17.0
2023-03-19,84T,19.0
2023-03-20,84T,22.0
2023-03-21,84T,19.0
2023-03-22,84T,18.0
2023-03-23,84T,18.0
2023-03-24,84T,19.0
2023-03-25,84T,16.0
2023-03-26,84T,17.0
2023-03-27,84T,15.0
2023-03-28,84T,10.0
2023-03-29,84T,9.0
2023-03-30,84T,15.0
2023-03-31,84T,22.0
2023-04-01,84T,19.0
2023-04-02,84T,23.0
2023-04-03,84T,35.0
2023-04-04,84T,42.0
2023-04-05,84T,37.0
2023-04-06,84T,46.0
2023-04-07,84T,26.0
2023-04-08,84T,20.0
2023-04-09,84T,15.0
2023-04-10,84T,18.0
2023-04-11,84T,31.0
2023-04-12,84T,35.0
2023-04-13,84T,42.0
2023-04-14,84T,38.0
2023-04-15,84T,54.0
2023-04-16,84T,53.0
2023-04-17,84T,45.0
2023-04-18,84T,44.0
2023-04-19,84T,42.0
2023-04-20,84T,38.0
2023-04-21,84T,33.0
2023-04-22,84T,35.0
2023-04-23,84T,27.0
2023-04-24,84T,14.0
2023-04-25,84T,12.0
2023-04-26,84T,11.0
2023-04-27,84T,12.0
2023-04-28,84T,14.0
2023-04-29,84T,15.0
2023-04-30,84T,9.0
2023-02-01,85T,
2023-02-02,85T,
2023-02-03,85T,
2023-02-04,85T,
2023-02-05,85T,
2023-02-06,85T,
2023-02-07,85T,
2023-02-08,85T,
2023-02-09,85T,
2023-02-10,85T,
2023-02-11,85T,
2023-02-12,85T,
2023-02-13,85T,
2023-02-14,85T,
2023-02-15,85T,
2023-02-16,85T,
2023-02-17,85T,
2023-02-18,85T,
2023-02-19,85T,
2023-02-20,85T,
2023-02-21,85T,
2023-02-22,85T,
2023-02-23,85T,
2023-02-24,85T,
2023-02-25,85T,
2023-02-26,85T,
2023-02-27,85T,
2023-02-28,85T,
2023-03-01,85T,73.0
2023-03-02,85T,55.0
2023-03-03,85T,44.0
2023-03-04,85T,56.0
2023-03-05,85T,49.0
2023-03-06,85T,63.0
2023-03-07,85T,76.0
2023-03-08,85T,89.0
2023-03-09,85T,74.0
2023-03-10,85T,69.0
2023-03-11,85T,56.0
2023-03-12,85T,44.0
2023-03-13,85T,43.0
2023-03-14,85T,52.0
2023-03-15,85T,55.0
2023-03-16,85T,40.0
2023-03-17,85T,34.0
2023-03-18,85T,30.0
2023-03-19,85T,27.0
2023-03-20,85T,38.0
2023-03-21,85T,31.0
2023-03-22,85T,31.0
2023-03-23,85T,34.0
2023-03-24,85T,40.0
2023-03-25,85T,34.0
2023-03-26,85T,30.0
2023-03-27,85T,33.0
2023-03-28,85T,19.0
2023-03-29,85T,23.0
2023-03-30,85T,30.0
2023-03-31,85T,34.0
2023-04-01,85T,30.0
2023-04-02,85T,42.0
2023-04-03,85T,46.0
2023-04-04,85T,58.0
2023-04-05,85T,59.0
2023-04-06,85T,61.0
2023-04-07,85T,49.0
2023-04-08,85T,34.0
2023-04-09,85T,41.0
2023-04-10,85T,32.0
2023-04-11,85T,43.0
2023-04-12,85T,50.0
2023-04-13,85T,63.0
2023-04-14,85T,69.0
2023-04-15,85T,76.0
2023-04-16,85T,78.0
2023-04-17,85T,76.0
2023-04-18,85T,67.0
2023-04-19,85T,56.0
2023-04-20,85T,63.0
2023-04-21,85T,73.0
2023-04-22,85T,79.0
2023-04-23,85T,63.0
2023-04-24,85T,58.0
2023-04-25,85T,54.0
2023-04-26,85T,29.0
2023-04-27,85T,41.0
2023-04-28,85T,51.0
2023-04-29,85T,37.0
2023-04-30,85T,36.0
2023-02-01,99T,75.0
2023-02-02,99T,95.0
2023-02-03,99T,90.0
2023-02-04,99T,48.0
2023-02-05,99T,28.0
2023-02-06,99T,36.0
2023-02-07,99T,28.0
2023-02-08,99T,31.0
2023-02-09,99T,28.0
2023-02-10,99T,22.0
2023-02-11,99T,23.0
2023-02-12,99T,26.0
2023-02-13,99T,28.0
2023-02-14,99T,36.0
2023-02-15,99T,36.0
2023-02-16,99T,20.0
2023-02-17,99T,30.0
2023-02-18,99T,41.0
2023-02-19,99T,56.0
2023-02-20,99T,26.0
2023-02-21,99T,37.0
2023-02-22,99T,38.0
2023-02-23,99T,43.0
2023-02-24,99T,55.0
2023-02-25,99T,32.0
2023-02-26,99T,33.0
2023-02-27,99T,35.0
2023-02-28,99T,41.0
2023-03-01,99T,61.0
2023-03-02,99T,42.0
2023-03-03,99T,44.0
2023-03-04,99T,46.0
2023-03-05,99T,39.0
2023-03-06,99T,52.0
2023-03-07,99T,72.0
2023-03-08,99T,93.0
2023-03-09,99T,86.0
2023-03-10,99T,73.0
2023-03-11,99T,74.0
2023-03-12,99T,54.0
2023-03-13,99T,42.0
2023-03-14,99T,37.0
2023-03-15,99T,58.0
2023-03-16,99T,47.0
2023-03-17,99T,38.0
2023-03-18,99T,37.0
2023-03-19,99T,36.0
2023-03-20,99T,41.0
2023-03-21,99T,38.0
2023-03-22,99T,36.0
2023-03-23,99T,33.0
2023-03-24,99T,39.0
2023-03-25,99T,39.0
2023-03-26,99T,31.0
2023-03-27,99T,43.0
2023-03-28,99T,29.0
2023-03-29,99T,27.0
2023-03-30,99T,31.0
2023-03-31,99T,32.0
2023-04-01,99T,33.0
2023-04-02,99T,36.0
2023-04-03,99T,49.0
2023-04-04,99T,53.0
2023-04-05,99T,56.0
2023-04-06,99T,70.0
2023-04-07,99T,57.0
2023-04-08,99T,43.0
2023-04-09,99T,42.0
2023-04-10,99T,39.0
2023-04-11,99T,45.0
2023-04-12,99T,57.0
2023-04-13,99T,54.0
2023-04-14,99T,68.0
2023-04-15,99T,73.0
2023-04-16,99T,61.0
2023-04-17,99T,66.0
2023-04-18,99T,65.0
2023-04-19,99T,57.0
2023-04-20,99T,66.0
2023-04-21,99T,69.0
2023-04-22,99T,74.0
2023-04-23,99T,49.0
2023-04-24,99T,45.0
2023-04-25,99T,41.0
2023-04-26,99T,25.0
2023-04-27,99T,29.0
2023-04-28,99T,36.0
2023-04-29,99T,32.0
2023-04-30,99T,20.0
2023-02-01,103T,84.0
2023-02-02,103T,74.0
2023-02-03,103T,36.0
2023-02-04,103T,21.0
2023-02-05,103T,16.0
2023-02-06,103T,21.0
2023-02-07,103T,18.0
2023-02-08,103T,18.0
2023-02-09,103T,19.0
2023-02-10,103T,16.0
2023-02-11,103T,17.0
2023-02-12,103T,16.0
2023-02-13,103T,19.0
2023-02-14,103T,21.0
2023-02-15,103T,26.0
2023-02-16,103T,20.0
2023-02-17,103T,32.0
2023-02-18,103T,37.0
2023-02-19,103T,52.0
2023-02-20,103T,46.0
2023-02-21,103T,38.0
2023-02-22,103T,51.0
2023-02-23,103T,46.0
2023-02-24,103T,57.0
2023-02-25,103T,56.0
2023-02-26,103T,34.0
2023-02-27,103T,39.0
2023-02-28,103T,51.0
2023-03-01,103T,60.0
2023-03-02,103T,56.0
2023-03-03,103T,51.0
2023-03-04,103T,55.0
2023-03-05,103T,51.0
2023-03-06,103T,55.0
2023-03-07,103T,61.0
2023-03-08,103T,56.0
2023-03-09,103T,45.0
2023-03-10,103T,42.0
2023-03-11,103T,35.0
2023-03-12,103T,34.0
2023-03-13,103T,42.0
2023-03-14,103T,55.0
2023-03-15,103T,44.0
2023-03-16,103T,28.0
2023-03-17,103T,21.0
2023-03-18,103T,19.0
2023-03-19,103T,22.0
2023-03-20,103T,22.0
2023-03-21,103T,21.0
2023-03-22,103T,22.0
2023-03-23,103T,21.0
2023-03-24,103T,25.0
2023-03-25,103T,26.0
2023-03-26,103T,23.0
2023-03-27,103T,21.0
2023-03-28,103T,14.0
2023-03-29,103T,16.0
2023-03-30,103T,12.0
2023-03-31,103T,26.0
2023-04-01,103T,25.0
2023-04-02,103T,25.0
2023-04-03,103T,33.0
2023-04-04,103T,43.0
2023-04-05,103T,32.0
2023-04-06,103T,47.0
2023-04-07,103T,37.0
2023-04-08,103T,27.0
2023-04-09,103T,20.0
2023-04-10,103T,21.0
2023-04-11,103T,34.0
2023-04-12,103T,43.0
2023-04-13,103T,46.0
2023-04-14,103T,57.0
2023-04-15,103T,76.0
2023-04-16,103T,53.0
2023-04-17,103T,50.0
2023-04-18,103T,59.0
2023-04-19,103T,56.0
2023-04-20,103T,47.0
2023-04-21,103T,46.0
2023-04-22,103T,59.0
2023-04-23,103T,49.0
2023-04-24,103T,22.0
2023-04-25,103T,20.0
2023-04-26,103T,20.0
2023-04-27,103T,18.0
2023-04-28,103T,24.0
2023-04-29,103T,22.0
2023-04-30,103T,19.0
2023-02-01,104T,
2023-02-02,104T,
2023-02-03,104T,
2023-02-04,104T,
2023-02-05,104T,
2023-02-06,104T,
2023-02-07,104T,
2023-02-08,104T,
2023-02-09,104T,
2023-02-10,104T,
2023-02-11,104T,
2023-02-12,104T,
2023-02-13,104T,
2023-02-14,104T,
2023-02-15,104T,
2023-02-16,104T,
2023-02-17,104T,
2023-02-18,104T,
2023-02-19,104T,
2023-02-20,104T,
2023-02-21,104T,
2023-02-22,104T,
2023-02-23,104T,
2023-02-24,104T,
2023-02-25,104T,
2023-02-26,104T,
2023-02-27,104T,
2023-02-28,104T,
2023-03-01,104T,
2023-03-02,104T,
2023-03-03,104T,
2023-03-04,104T,
2023-03-05,104T,
2023-03-06,104T,
2023-03-07,104T,
2023-03-08,104T,
2023-03-09,104T,
2023-03-10,104T,
2023-03-11,104T,
2023-03-12,104T,
2023-03-13,104T,
2023-03-14,104T,
2023-03-15,104T,
2023-03-16,104T,
2023-03-17,104T,
2023-03-18,104T,
2023-03-19,104T,
2023-03-20,104T,
2023-03-21,104T,
2023-03-22,104T,
2023-03-23,104T,
2023-03-24,104T,
2023-03-25,104T,
2023-03-26,104T,
2023-03-27,104T,
2023-03-28,104T,
2023-03-29,104T,
2023-03-30,104T,
2023-03-31,104T,
2023-04-01,104T,
2023-04-02,104T,
2023-04-03,104T,
2023-04-04,104T,
2023-04-05,104T,
2023-04-06,104T,
2023-04-07,104T,
2023-04-08,104T,
2023-04-09,104T,
2023-04-10,104T,
2023-04-11,104T,
2023-04-12,104T,
2023-04-13,104T,
2023-04-14,104T,
2023-04-15,104T,
2023-04-16,104T,
2023-04-17,104T,
2023-04-18,104T,
2023-04-19,104T,
2023-04-20,104T,
2023-04-21,104T,
2023-04-22,104T,
2023-04-23,104T,
2023-04-24,104T,
2023-04-25,104T,
2023-04-26,104T,
2023-04-27,104T,
2023-04-28,104T,
2023-04-29,104T,
2023-04-30,104T,
2023-02-01,46T,84.0
2023-02-02,46T,94.0
2023-02-03,46T,
2023-02-04,46T,47.0
2023-02-05,46T,37.0
2023-02-06,46T,51.0
2023-02-07,46T,60.0
2023-02-08,46T,41.0
2023-02-09,46T,56.0
2023-02-10,46T,64.0
2023-02-11,46T,53.0
2023-02-12,46T,50.0
2023-02-13,46T,59.0
2023-02-14,46T,59.0
2023-02-15,46T,26.0
2023-02-16,46T,25.0
2023-02-17,46T,35.0
2023-02-18,46T,55.0
2023-02-19,46T,53.0
2023-02-20,46T,36.0
2023-02-21,46T,41.0
2023-02-22,46T,36.0
2023-02-23,46T,41.0
2023-02-24,46T,56.0
2023-02-25,46T,27.0
2023-02-26,46T,36.0
2023-02-27,46T,38.0
2023-02-28,46T,35.0
2023-03-01,46T,61.0
2023-03-02,46T,40.0
2023-03-03,46T,45.0
2023-03-04,46T,44.0
2023-03-05,46T,42.0
2023-03-06,46T,42.0
2023-03-07,46T,59.0
2023-03-08,46T,75.0
2023-03-09,46T,57.0
2023-03-10,46T,53.0
2023-03-11,46T,70.0
2023-03-12,46T,62.0
2023-03-13,46T,33.0
2023-03-14,46T,36.0
2023-03-15,46T,56.0
2023-03-16,46T,60.0
2023-03-17,46T,63.0
2023-03-18,46T,64.0
2023-03-19,46T,68.0
2023-03-20,46T,53.0
2023-03-21,46T,50.0
2023-03-22,46T,48.0
2023-03-23,46T,51.0
2023-03-24,46T,47.0
2023-03-25,46T,45.0
2023-03-26,46T,46.0
2023-03-27,46T,41.0
2023-03-28,46T,36.0
2023-03-29,46T,20.0
2023-03-30,46T,36.0
2023-03-31,46T,41.0
2023-04-01,46T,33.0
2023-04-02,46T,30.0
2023-04-03,46T,39.0
2023-04-04,46T,47.0
2023-04-05,46T,48.0
2023-04-06,46T,60.0
2023-04-07,46T,66.0
2023-04-08,46T,47.0
2023-04-09,46T,34.0
2023-04-10,46T,53.0
2023-04-11,46T,47.0
2023-04-12,46T,54.0
2023-04-13,46T,45.0
2023-04-14,46T,49.0
2023-04-15,46T,61.0
2023-04-16,46T,34.0
2023-04-17,46T,35.0
2023-04-18,46T,41.0
2023-04-19,46T,49.0
2023-04-20,46T,55.0
2023-04-21,46T,51.0
2023-04-22,46T,39.0
2023-04-23,46T,45.0
2023-04-24,46T,16.0
2023-04-25,46T,26.0
2023-04-26,46T,26.0
2023-04-27,46T,23.0
2023-04-28,46T,30.0
2023-04-29,46T,32.0
2023-04-30,46T,16.0
2023-02-01,47T,79.0
2023-02-02,47T,72.0
2023-02-03,47T,54.0
2023-02-04,47T,43.0
2023-02-05,47T,39.0
2023-02-06,47T,39.0
2023-02-07,47T,45.0
2023-02-08,47T,41.0
2023-02-09,47T,39.0
2023-02-10,47T,40.0
2023-02-11,47T,36.0
2023-02-12,47T,38.0
2023-02-13,47T,40.0
2023-02-14,47T,42.0
2023-02-15,47T,35.0
2023-02-16,47T,21.0
2023-02-17,47T,32.0
2023-02-18,47T,49.0
2023-02-19,47T,51.0
2023-02-20,47T,29.0
2023-02-21,47T,32.0
2023-02-22,47T,36.0
2023-02-23,47T,42.0
2023-02-24,47T,54.0
2023-02-25,47T,26.0
2023-02-26,47T,31.0
2023-02-27,47T,34.0
2023-02-28,47T,33.0
2023-03-01,47T,47.0
2023-03-02,47T,39.0
2023-03-03,47T,38.0
2023-03-04,47T,43.0
2023-03-05,47T,42.0
2023-03-06,47T,54.0
2023-03-07,47T,67.0
2023-03-08,47T,78.0
2023-03-09,47T,67.0
2023-03-10,47T,53.0
2023-03-11,47T,74.0
2023-03-12,47T,70.0
2023-03-13,47T,34.0
2023-03-14,47T,34.0
2023-03-15,47T,61.0
2023-03-16,47T,61.0
2023-03-17,47T,62.0
2023-03-18,47T,56.0
2023-03-19,47T,46.0
2023-03-20,47T,45.0
2023-03-21,47T,44.0
2023-03-22,47T,39.0
2023-03-23,47T,38.0
2023-03-24,47T,48.0
2023-03-25,47T,39.0
2023-03-26,47T,34.0
2023-03-27,47T,37.0
2023-03-28,47T,32.0
2023-03-29,47T,34.0
2023-03-30,47T,32.0
2023-03-31,47T,32.0
2023-04-01,47T,27.0
2023-04-02,47T,27.0
2023-04-03,47T,42.0
2023-04-04,47T,42.0
2023-04-05,47T,46.0
2023-04-06,47T,44.0
2023-04-07,47T,40.0
2023-04-08,47T,31.0
2023-04-09,47T,34.0
2023-04-10,47T,37.0
2023-04-11,47T,36.0
2023-04-12,47T,47.0
2023-04-13,47T,46.0
2023-04-14,47T,50.0
2023-04-15,47T,53.0
2023-04-16,47T,48.0
2023-04-17,47T,46.0
2023-04-18,47T,44.0
2023-04-19,47T,42.0
2023-04-20,47T,48.0
2023-04-21,47T,52.0
2023-04-22,47T,52.0
2023-04-23,47T,40.0
2023-04-24,47T,24.0
2023-04-25,47T,29.0
2023-04-26,47T,28.0
2023-04-27,47T,25.0
2023-04-28,47T,28.0
2023-04-29,47T,28.0
2023-04-30,47T,21.0
2023-02-01,72T,96.0
2023-02-02,72T,97.0
2023-02-03,72T,85.0
2023-02-04,72T,66.0
2023-02-05,72T,33.0
2023-02-06,72T,34.0
2023-02-07,72T,37.0
2023-02-08,72T,33.0
2023-02-09,72T,42.0
2023-02-10,72T,44.0
2023-02-11,72T,41.0
2023-02-12,72T,41.0
2023-02-13,72T,53.0
2023-02-14,72T,64.0
2023-02-15,72T,34.0
2023-02-16,72T,24.0
2023-02-17,72T,44.0
2023-02-18,72T,81.0
2023-02-19,72T,97.0
2023-02-20,72T,26.0
2023-02-21,72T,36.0
2023-02-22,72T,31.0
2023-02-23,72T,50.0
2023-02-24,72T,68.0
2023-02-25,72T,28.0
2023-02-26,72T,44.0
2023-02-27,72T,56.0
2023-02-28,72T,61.0
2023-03-01,72T,96.0
2023-03-02,72T,70.0
2023-03-03,72T,63.0
2023-03-04,72T,73.0
2023-03-05,72T,73.0
2023-03-06,72T,69.0
2023-03-07,72T,94.0
2023-03-08,72T,120.0
2023-03-09,72T,112.0
2023-03-10,72T,123.0
2023-03-11,72T,122.0
2023-03-12,72T,104.0
2023-03-13,72T,54.0
2023-03-14,72T,53.0
2023-03-15,72T,71.0
2023-03-16,72T,89.0
2023-03-17,72T,101.0
2023-03-18,72T,87.0
2023-03-19,72T,71.0
2023-03-20,72T,60.0
2023-03-21,72T,72.0
2023-03-22,72T,64.0
2023-03-23,72T,65.0
2023-03-24,72T,59.0
2023-03-25,72T,80.0
2023-03-26,72T,78.0
2023-03-27,72T,117.0
2023-03-28,72T,91.0
2023-03-29,72T,42.0
2023-03-30,72T,62.0
2023-03-31,72T,75.0
2023-04-01,72T,79.0
2023-04-02,72T,82.0
2023-04-03,72T,69.0
2023-04-04,72T,100.0
2023-04-05,72T,117.0
2023-04-06,72T,170.0
2023-04-07,72T,245.0
2023-04-08,72T,151.0
2023-04-09,72T,60.0
2023-04-10,72T,74.0
2023-04-11,72T,72.0
2023-04-12,72T,89.0
2023-04-13,72T,88.0
2023-04-14,72T,76.0
2023-04-15,72T,70.0
2023-04-16,72T,47.0
2023-04-17,72T,57.0
2023-04-18,72T,59.0
2023-04-19,72T,68.0
2023-04-20,72T,63.0
2023-04-21,72T,55.0
2023-04-22,72T,47.0
2023-04-23,72T,43.0
2023-04-24,72T,22.0
2023-04-25,72T,28.0
2023-04-26,72T,
2023-04-27,72T,30.0
2023-04-28,72T,34.0
2023-04-29,72T,42.0
2023-04-30,72T,22.0
2023-02-01,82T,88.0
2023-02-02,82T,99.0
2023-02-03,82T,52.0
2023-02-04,82T,29.0
2023-02-05,82T,32.0
2023-02-06,82T,33.0
2023-02-07,82T,38.0
2023-02-08,82T,38.0
2023-02-09,82T,39.0
2023-02-10,82T,32.0
2023-02-11,82T,46.0
2023-02-12,82T,54.0
2023-02-13,82T,76.0
2023-02-14,82T,75.0
2023-02-15,82T,26.0
2023-02-16,82T,23.0
2023-02-17,82T,32.0
2023-02-18,82T,38.0
2023-02-19,82T,40.0
2023-02-20,82T,28.0
2023-02-21,82T,34.0
2023-02-22,82T,44.0
2023-02-23,82T,39.0
2023-02-24,82T,47.0
2023-02-25,82T,18.0
2023-02-26,82T,33.0
2023-02-27,82T,61.0
2023-02-28,82T,99.0
2023-03-01,82T,103.0
2023-03-02,82T,44.0
2023-03-03,82T,58.0
2023-03-04,82T,51.0
2023-03-05,82T,57.0
2023-03-06,82T,62.0
2023-03-07,82T,76.0
2023-03-08,82T,108.0
2023-03-09,82T,70.0
2023-03-10,82T,56.0
2023-03-11,82T,85.0
2023-03-12,82T,60.0
2023-03-13,82T,44.0
2023-03-14,82T,58.0
2023-03-15,82T,71.0
2023-03-16,82T,74.0
2023-03-17,82T,75.0
2023-03-18,82T,70.0
2023-03-19,82T,57.0
2023-03-20,82T,61.0
2023-03-21,82T,59.0
2023-03-22,82T,55.0
2023-03-23,82T,45.0
2023-03-24,82T,71.0
2023-03-25,82T,147.0
2023-03-26,82T,113.0
2023-03-27,82T,135.0
2023-03-28,82T,43.0
2023-03-29,82T,43.0
2023-03-30,82T,64.0
2023-03-31,82T,64.0
2023-04-01,82T,70.0
2023-04-02,82T,79.0
2023-04-03,82T,45.0
2023-04-04,82T,93.0
2023-04-05,82T,130.0
2023-04-06,82T,203.0
2023-04-07,82T,159.0
2023-04-08,82T,67.0
2023-04-09,82T,47.0
2023-04-10,82T,84.0
2023-04-11,82T,115.0
2023-04-12,82T,118.0
2023-04-13,82T,103.0
2023-04-14,82T,86.0
2023-04-15,82T,89.0
2023-04-16,82T,48.0
2023-04-17,82T,64.0
2023-04-18,82T,68.0
2023-04-19,82T,92.0
2023-04-20,82T,88.0
2023-04-21,82T,71.0
2023-04-22,82T,61.0
2023-04-23,82T,51.0
2023-04-24,82T,30.0
2023-04-25,82T,52.0
2023-04-26,82T,35.0
2023-04-27,82T,38.0
2023-04-28,82T,57.0
2023-04-29,82T,54.0
2023-04-30,82T,29.0
2023-02-01,83T,76.0
2023-02-02,83T,68.0
2023-02-03,83T,23.0
2023-02-04,83T,30.0
2023-02-05,83T,65.0
2023-02-06,83T,74.0
2023-02-07,83T,91.0
2023-02-08,83T,88.0
2023-02-09,83T,46.0
2023-02-10,83T,71.0
2023-02-11,83T,77.0
2023-02-12,83T,85.0
2023-02-13,83T,107.0
2023-02-14,83T,83.0
2023-02-15,83T,11.0
2023-02-16,83T,15.0
2023-02-17,83T,35.0
2023-02-18,83T,55.0
2023-02-19,83T,41.0
2023-02-20,83T,27.0
2023-02-21,83T,37.0
2023-02-22,83T,44.0
2023-02-23,83T,57.0
2023-02-24,83T,47.0
2023-02-25,83T,32.0
2023-02-26,83T,37.0
2023-02-27,83T,33.0
2023-02-28,83T,23.0
2023-03-01,83T,22.0
2023-03-02,83T,23.0
2023-03-03,83T,34.0
2023-03-04,83T,34.0
2023-03-05,83T,37.0
2023-03-06,83T,51.0
2023-03-07,83T,69.0
2023-03-08,83T,85.0
2023-03-09,83T,44.0
2023-03-10,83T,54.0
2023-03-11,83T,78.0
2023-03-12,83T,50.0
2023-03-13,83T,24.0
2023-03-14,83T,38.0
2023-03-15,83T,62.0
2023-03-16,83T,65.0
2023-03-17,83T,55.0
2023-03-18,83T,93.0
2023-03-19,83T,92.0
2023-03-20,83T,75.0
2023-03-21,83T,72.0
2023-03-22,83T,46.0
2023-03-23,83T,56.0
2023-03-24,83T,48.0
2023-03-25,83T,57.0
2023-03-26,83T,64.0
2023-03-27,83T,84.0
2023-03-28,83T,49.0
2023-03-29,83T,46.0
2023-03-30,83T,46.0
2023-03-31,83T,48.0
2023-04-01,83T,49.0
2023-04-02,83T,49.0
2023-04-03,83T,49.0
2023-04-04,83T,49.0
2023-04-05,83T,50.0
2023-04-06,83T,49.0
2023-04-07,83T,54.0
2023-04-08,83T,61.0
2023-04-09,83T,40.0
2023-04-10,83T,64.0
2023-04-11,83T,56.0
2023-04-12,83T,64.0
2023-04-13,83T,45.0
2023-04-14,83T,56.0
2023-04-15,83T,56.0
2023-04-16,83T,54.0
2023-04-17,83T,52.0
2023-04-18,83T,54.0
2023-04-19,83T,54.0
2023-04-20,83T,53.0
2023-04-21,83T,57.0
2023-04-22,83T,48.0
2023-04-23,83T,55.0
2023-04-24,83T,31.0
2023-04-25,83T,55.0
2023-04-26,83T,33.0
2023-04-27,83T,43.0
2023-04-28,83T,65.0
2023-04-29,83T,69.0
2023-04-30,83T,30.0
2023-02-01,88T,152.0
2023-02-02,88T,113.0
2023-02-03,88T,16.0
2023-02-04,88T,26.0
2023-02-05,88T,36.0
2023-02-06,88T,58.0
2023-02-07,88T,67.0
2023-02-08,88T,74.0
2023-02-09,88T,66.0
2023-02-10,88T,42.0
2023-02-11,88T,80.0
2023-02-12,88T,103.0
2023-02-13,88T,98.0
2023-02-14,88T,84.0
2023-02-15,88T,19.0
2023-02-16,88T,30.0
2023-02-17,88T,34.0
2023-02-18,88T,47.0
2023-02-19,88T,23.0
2023-02-20,88T,46.0
2023-02-21,88T,57.0
2023-02-22,88T,32.0
2023-02-23,88T,41.0
2023-02-24,88T,44.0
2023-02-25,88T,29.0
2023-02-26,88T,46.0
2023-02-27,88T,42.0
2023-02-28,88T,56.0
2023-03-01,88T,46.0
2023-03-02,88T,42.0
2023-03-03,88T,62.0
2023-03-04,88T,53.0
2023-03-05,88T,68.0
2023-03-06,88T,68.0
2023-03-07,88T,147.0
2023-03-08,88T,151.0
2023-03-09,88T,50.0
2023-03-10,88T,84.0
2023-03-11,88T,141.0
2023-03-12,88T,53.0
2023-03-13,88T,38.0
2023-03-14,88T,64.0
2023-03-15,88T,158.0
2023-03-16,88T,85.0
2023-03-17,88T,97.0
2023-03-18,88T,105.0
2023-03-19,88T,114.0
2023-03-20,88T,148.0
2023-03-21,88T,99.0
2023-03-22,88T,87.0
2023-03-23,88T,84.0
2023-03-24,88T,97.0
2023-03-25,88T,152.0
2023-03-26,88T,148.0
2023-03-27,88T,69.0
2023-03-28,88T,34.0
2023-03-29,88T,40.0
2023-03-30,88T,60.0
2023-03-31,88T,54.0
2023-04-01,88T,56.0
2023-04-02,88T,50.0
2023-04-03,88T,65.0
2023-04-04,88T,70.0
2023-04-05,88T,76.0
2023-04-06,88T,76.0
2023-04-07,88T,67.0
2023-04-08,88T,23.0
2023-04-09,88T,27.0
2023-04-10,88T,57.0
2023-04-11,88T,80.0
2023-04-12,88T,71.0
2023-04-13,88T,48.0
2023-04-14,88T,55.0
2023-04-15,88T,47.0
2023-04-16,88T,27.0
2023-04-17,88T,43.0
2023-04-18,88T,52.0
2023-04-19,88T,50.0
2023-04-20,88T,54.0
2023-04-21,88T,53.0
2023-04-22,88T,52.0
2023-04-23,88T,40.0
2023-04-24,88T,21.0
2023-04-25,88T,53.0
2023-04-26,88T,22.0
2023-04-27,88T,28.0
2023-04-28,88T,43.0
2023-04-29,88T,38.0
2023-04-30,88T,17.0
2023-02-01,90T,69.0
2023-02-02,90T,64.0
2023-02-03,90T,13.0
2023-02-04,90T,15.0
2023-02-05,90T,22.0
2023-02-06,90T,27.0
2023-02-07,90T,38.0
2023-02-08,90T,41.0
2023-02-09,90T,48.0
2023-02-10,90T,34.0
2023-02-11,90T,47.0
2023-02-12,90T,44.0
2023-02-13,90T,57.0
2023-02-14,90T,74.0
2023-02-15,90T,12.0
2023-02-16,90T,16.0
2023-02-17,90T,23.0
2023-02-18,90T,28.0
2023-02-19,90T,23.0
2023-02-20,90T,25.0
2023-02-21,90T,33.0
2023-02-22,90T,28.0
2023-02-23,90T,28.0
2023-02-24,90T,25.0
2023-02-25,90T,22.0
2023-02-26,90T,28.0
2023-02-27,90T,30.0
2023-02-28,90T,36.0
2023-03-01,90T,32.0
2023-03-02,90T,26.0
2023-03-03,90T,39.0
2023-03-04,90T,38.0
2023-03-05,90T,32.0
2023-03-06,90T,40.0
2023-03-07,90T,53.0
2023-03-08,90T,49.0
2023-03-09,90T,32.0
2023-03-10,90T,38.0
2023-03-11,90T,52.0
2023-03-12,90T,30.0
2023-03-13,90T,25.0
2023-03-14,90T,27.0
2023-03-15,90T,46.0
2023-03-16,90T,36.0
2023-03-17,90T,36.0
2023-03-18,90T,48.0
2023-03-19,90T,59.0
2023-03-20,90T,56.0
2023-03-21,90T,41.0
2023-03-22,90T,40.0
2023-03-23,90T,40.0
2023-03-24,90T,45.0
2023-03-25,90T,47.0
2023-03-26,90T,48.0
2023-03-27,90T,38.0
2023-03-28,90T,22.0
2023-03-29,90T,27.0
2023-03-30,90T,34.0
2023-03-31,90T,40.0
2023-04-01,90T,35.0
2023-04-02,90T,29.0
2023-04-03,90T,41.0
2023-04-04,90T,46.0
2023-04-05,90T,54.0
2023-04-06,90T,58.0
2023-04-07,90T,53.0
2023-04-08,90T,29.0
2023-04-09,90T,19.0
2023-04-10,90T,52.0
2023-04-11,90T,47.0
2023-04-12,90T,47.0
2023-04-13,90T,46.0
2023-04-14,90T,40.0
2023-04-15,90T,47.0
2023-04-16,90T,22.0
2023-04-17,90T,38.0
2023-04-18,90T,48.0
2023-04-19,90T,42.0
2023-04-20,90T,45.0
2023-04-21,90T,45.0
2023-04-22,90T,48.0
2023-04-23,90T,30.0
2023-04-24,90T,15.0
2023-04-25,90T,30.0
2023-04-26,90T,13.0
2023-04-27,90T,15.0
2023-04-28,90T,30.0
2023-04-29,90T,29.0
2023-04-30,90T,13.0
2023-02-01,91T,86.0
2023-02-02,91T,80.0
2023-02-03,91T,45.0
2023-02-04,91T,21.0
2023-02-05,91T,20.0
2023-02-06,91T,25.0
2023-02-07,91T,38.0
2023-02-08,91T,43.0
2023-02-09,91T,44.0
2023-02-10,91T,40.0
2023-02-11,91T,46.0
2023-02-12,91T,37.0
2023-02-13,91T,51.0
2023-02-14,91T,49.0
2023-02-15,91T,12.0
2023-02-16,91T,15.0
2023-02-17,91T,17.0
2023-02-18,91T,27.0
2023-02-19,91T,38.0
2023-02-20,91T,20.0
2023-02-21,91T,30.0
2023-02-22,91T,32.0
2023-02-23,91T,31.0
2023-02-24,91T,45.0
2023-02-25,91T,20.0
2023-02-26,91T,31.0
2023-02-27,91T,32.0
2023-02-28,91T,39.0
2023-03-01,91T,58.0
2023-03-02,91T,37.0
2023-03-03,91T,35.0
2023-03-04,91T,42.0
2023-03-05,91T,41.0
2023-03-06,91T,40.0
2023-03-07,91T,60.0
2023-03-08,91T,78.0
2023-03-09,91T,57.0
2023-03-10,91T,48.0
2023-03-11,91T,69.0
2023-03-12,91T,50.0
2023-03-13,91T,30.0
2023-03-14,91T,30.0
2023-03-15,91T,49.0
2023-03-16,91T,56.0
2023-03-17,91T,61.0
2023-03-18,91T,65.0
2023-03-19,91T,61.0
2023-03-20,91T,52.0
2023-03-21,91T,48.0
2023-03-22,91T,47.0
2023-03-23,91T,43.0
2023-03-24,91T,48.0
2023-03-25,91T,46.0
2023-03-26,91T,49.0
2023-03-27,91T,61.0
2023-03-28,91T,32.0
2023-03-29,91T,26.0
2023-03-30,91T,39.0
2023-03-31,91T,48.0
2023-04-01,91T,59.0
2023-04-02,91T,41.0
2023-04-03,91T,43.0
2023-04-04,91T,58.0
2023-04-05,91T,
2023-04-06,91T,
2023-04-07,91T,118.0
2023-04-08,91T,51.0
2023-04-09,91T,30.0
2023-04-10,91T,48.0
2023-04-11,91T,57.0
2023-04-12,91T,62.0
2023-04-13,91T,66.0
2023-04-14,91T,54.0
2023-04-15,91T,61.0
2023-04-16,91T,38.0
2023-04-17,91T,44.0
2023-04-18,91T,52.0
2023-04-19,91T,63.0
2023-04-20,91T,65.0
2023-04-21,91T,53.0
2023-04-22,91T,40.0
2023-04-23,91T,45.0
2023-04-24,91T,21.0
2023-04-25,91T,32.0
2023-04-26,91T,24.0
2023-04-27,91T,28.0
2023-04-28,91T,30.0
2023-04-29,91T,38.0
2023-04-30,91T,17.0
2023-02-01,101T,62.0
2023-02-02,101T,60.0
2023-02-03,101T,33.0
2023-02-04,101T,27.0
2023-02-05,101T,34.0
2023-02-06,101T,33.0
2023-02-07,101T,43.0
2023-02-08,101T,47.0
2023-02-09,101T,43.0
2023-02-10,101T,37.0
2023-02-11,101T,34.0
2023-02-12,101T,31.0
2023-02-13,101T,39.0
2023-02-14,101T,39.0
2023-02-15,101T,19.0
2023-02-16,101T,14.0
2023-02-17,101T,35.0
2023-02-18,101T,45.0
2023-02-19,101T,38.0
2023-02-20,101T,24.0
2023-02-21,101T,34.0
2023-02-22,101T,37.0
2023-02-23,101T,42.0
2023-02-24,101T,45.0
2023-02-25,101T,25.0
2023-02-26,101T,32.0
2023-02-27,101T,35.0
2023-02-28,101T,33.0
2023-03-01,101T,40.0
2023-03-02,101T,30.0
2023-03-03,101T,42.0
2023-03-04,101T,36.0
2023-03-05,101T,42.0
2023-03-06,101T,59.0
2023-03-07,101T,71.0
2023-03-08,101T,81.0
2023-03-09,101T,75.0
2023-03-10,101T,49.0
2023-03-11,101T,80.0
2023-03-12,101T,76.0
2023-03-13,101T,23.0
2023-03-14,101T,35.0
2023-03-15,101T,69.0
2023-03-16,101T,65.0
2023-03-17,101T,66.0
2023-03-18,101T,57.0
2023-03-19,101T,54.0
2023-03-20,101T,45.0
2023-03-21,101T,35.0
2023-03-22,101T,32.0
2023-03-23,101T,34.0
2023-03-24,101T,32.0
2023-03-25,101T,38.0
2023-03-26,101T,29.0
2023-03-27,101T,34.0
2023-03-28,101T,36.0
2023-03-29,101T,26.0
2023-03-30,101T,25.0
2023-03-31,101T,23.0
2023-04-01,101T,27.0
2023-04-02,101T,26.0
2023-04-03,101T,32.0
2023-04-04,101T,34.0
2023-04-05,101T,36.0
2023-04-06,101T,36.0
2023-04-07,101T,29.0
2023-04-08,101T,26.0
2023-04-09,101T,35.0
2023-04-10,101T,34.0
2023-04-11,101T,34.0
2023-04-12,101T,39.0
2023-04-13,101T,34.0
2023-04-14,101T,42.0
2023-04-15,101T,45.0
2023-04-16,101T,27.0
2023-04-17,101T,29.0
2023-04-18,101T,33.0
2023-04-19,101T,32.0
2023-04-20,101T,38.0
2023-04-21,101T,42.0
2023-04-22,101T,38.0
2023-04-23,101T,28.0
2023-04-24,101T,16.0
2023-04-25,101T,32.0
2023-04-26,101T,21.0
2023-04-27,101T,28.0
2023-04-28,101T,21.0
2023-04-29,101T,24.0
2023-04-30,101T,16.0
2023-02-01,102T,69.0
2023-02-02,102T,62.0
2023-02-03,102T,16.0
2023-02-04,102T,19.0
2023-02-05,102T,30.0
2023-02-06,102T,37.0
2023-02-07,102T,51.0
2023-02-08,102T,57.0
2023-02-09,102T,48.0
2023-02-10,102T,45.0
2023-02-11,102T,57.0
2023-02-12,102T,46.0
2023-02-13,102T,50.0
2023-02-14,102T,51.0
2023-02-15,102T,15.0
2023-02-16,102T,19.0
2023-02-17,102T,29.0
2023-02-18,102T,36.0
2023-02-19,102T,23.0
2023-02-20,102T,29.0
2023-02-21,102T,30.0
2023-02-22,102T,32.0
2023-02-23,102T,34.0
2023-02-24,102T,29.0
2023-02-25,102T,28.0
2023-02-26,102T,32.0
2023-02-27,102T,32.0
2023-02-28,102T,22.0
2023-03-01,102T,32.0
2023-03-02,102T,30.0
2023-03-03,102T,40.0
2023-03-04,102T,39.0
2023-03-05,102T,33.0
2023-03-06,102T,47.0
2023-03-07,102T,51.0
2023-03-08,102T,58.0
2023-03-09,102T,40.0
2023-03-10,102T,44.0
2023-03-11,102T,56.0
2023-03-12,102T,37.0
2023-03-13,102T,29.0
2023-03-14,102T,36.0
2023-03-15,102T,57.0
2023-03-16,102T,53.0
2023-03-17,102T,48.0
2023-03-18,102T,
2023-03-19,102T,53.0
2023-03-20,102T,68.0
2023-03-21,102T,51.0
2023-03-22,102T,46.0
2023-03-23,102T,45.0
2023-03-24,102T,55.0
2023-03-25,102T,52.0
2023-03-26,102T,49.0
2023-03-27,102T,53.0
2023-03-28,102T,38.0
2023-03-29,102T,39.0
2023-03-30,102T,44.0
2023-03-31,102T,50.0
2023-04-01,102T,48.0
2023-04-02,102T,43.0
2023-04-03,102T,
2023-04-04,102T,52.0
2023-04-05,102T,49.0
2023-04-06,102T,45.0
2023-04-07,102T,65.0
2023-04-08,102T,35.0
2023-04-09,102T,28.0
2023-04-10,102T,56.0
2023-04-11,102T,55.0
2023-04-12,102T,55.0
2023-04-13,102T,52.0
2023-04-14,102T,47.0
2023-04-15,102T,59.0
2023-04-16,102T,
2023-04-17,102T,61.0
2023-04-18,102T,
2023-04-19,102T,43.0
2023-04-20,102T,45.0
2023-04-21,102T,59.0
2023-04-22,102T,49.0
2023-04-23,102T,34.0
2023-04-24,102T,23.0
2023-04-25,102T,33.0
2023-04-26,102T,15.0
2023-04-27,102T,23.0
2023-04-28,102T,43.0
2023-04-29,102T,35.0
2023-04-30,102T,16.0
2023-02-01,106T,
2023-02-02,106T,
2023-02-03,106T,
2023-02-04,106T,
2023-02-05,106T,
2023-02-06,106T,
2023-02-07,106T,
2023-02-08,106T,
2023-02-09,106T,
2023-02-10,106T,
2023-02-11,106T,
2023-02-12,106T,
2023-02-13,106T,
2023-02-14,106T,
2023-02-15,106T,
2023-02-16,106T,
2023-02-17,106T,
2023-02-18,106T,
2023-02-19,106T,
2023-02-20,106T,
2023-02-21,106T,
2023-02-22,106T,
2023-02-23,106T,
2023-02-24,106T,
2023-02-25,106T,
2023-02-26,106T,
2023-02-27,106T,
2023-02-28,106T,
2023-03-01,106T,
2023-03-02,106T,
2023-03-03,106T,
2023-03-04,106T,
2023-03-05,106T,
2023-03-06,106T,
2023-03-07,106T,
2023-03-08,106T,
2023-03-09,106T,
2023-03-10,106T,
2023-03-11,106T,
2023-03-12,106T,
2023-03-13,106T,
2023-03-14,106T,
2023-03-15,106T,
2023-03-16,106T,
2023-03-17,106T,
2023-03-18,106T,
2023-03-19,106T,
2023-03-20,106T,
2023-03-21,106T,
2023-03-22,106T,
2023-03-23,106T,
2023-03-24,106T,
2023-03-25,106T,
2023-03-26,106T,
2023-03-27,106T,
2023-03-28,106T,
2023-03-29,106T,
2023-03-30,106T,
2023-03-31,106T,
2023-04-01,106T,
2023-04-02,106T,
2023-04-03,106T,
2023-04-04,106T,
2023-04-05,106T,
2023-04-06,106T,
2023-04-07,106T,
2023-04-08,106T,
2023-04-09,106T,
2023-04-10,106T,
2023-04-11,106T,
2023-04-12,106T,
2023-04-13,106T,
2023-04-14,106T,
2023-04-15,106T,
2023-04-16,106T,
2023-04-17,106T,
2023-04-18,106T,
2023-04-19,106T,
2023-04-20,106T,
2023-04-21,106T,
2023-04-22,106T,
2023-04-23,106T,
2023-04-24,106T,
2023-04-25,106T,
2023-04-26,106T,
2023-04-27,106T,
2023-04-28,106T,
2023-04-29,106T,
2023-04-30,106T,
2023-02-01,107T,
2023-02-02,107T,
2023-02-03,107T,
2023-02-04,107T,
2023-02-05,107T,
2023-02-06,107T,
2023-02-07,107T,
2023-02-08,107T,
2023-02-09,107T,
2023-02-10,107T,
2023-02-11,107T,
2023-02-12,107T,
2023-02-13,107T,
2023-02-14,107T,
2023-02-15,107T,
2023-02-16,107T,
2023-02-17,107T,
2023-02-18,107T,
2023-02-19,107T,
2023-02-20,107T,
2023-02-21,107T,
2023-02-22,107T,
2023-02-23,107T,
2023-02-24,107T,
2023-02-25,107T,
2023-02-26,107T,
2023-02-27,107T,
2023-02-28,107T,
2023-03-01,107T,
2023-03-02,107T,
2023-03-03,107T,
2023-03-04,107T,
2023-03-05,107T,
2023-03-06,107T,
2023-03-07,107T,
2023-03-08,107T,
2023-03-09,107T,
2023-03-10,107T,
2023-03-11,107T,
2023-03-12,107T,
2023-03-13,107T,
2023-03-14,107T,
2023-03-15,107T,
2023-03-16,107T,
2023-03-17,107T,
2023-03-18,107T,
2023-03-19,107T,
2023-03-20,107T,
2023-03-21,107T,
2023-03-22,107T,
2023-03-23,107T,
2023-03-24,107T,
2023-03-25,107T,
2023-03-26,107T,
2023-03-27,107T,
2023-03-28,107T,
2023-03-29,107T,
2023-03-30,107T,
2023-03-31,107T,
2023-04-01,107T,
2023-04-02,107T,
2023-04-03,107T,
2023-04-04,107T,
2023-04-05,107T,
2023-04-06,107T,
2023-04-07,107T,
2023-04-08,107T,
2023-04-09,107T,
2023-04-10,107T,
2023-04-11,107T,
2023-04-12,107T,
2023-04-13,107T,
2023-04-14,107T,
2023-04-15,107T,
2023-04-16,107T,
2023-04-17,107T,
2023-04-18,107T,
2023-04-19,107T,
2023-04-20,107T,
2023-04-21,107T,
2023-04-22,107T,
2023-04-23,107T,
2023-04-24,107T,
2023-04-25,107T,
2023-04-26,107T,
2023-04-27,107T,
2023-04-28,107T,
2023-04-29,107T,
2023-04-30,107T,
2023-02-01,108T,
2023-02-02,108T,
2023-02-03,108T,
2023-02-04,108T,
2023-02-05,108T,
2023-02-06,108T,
2023-02-07,108T,
2023-02-08,108T,
2023-02-09,108T,
2023-02-10,108T,
2023-02-11,108T,
2023-02-12,108T,
2023-02-13,108T,
2023-02-14,108T,
2023-02-15,108T,
2023-02-16,108T,
2023-02-17,108T,
2023-02-18,108T,
2023-02-19,108T,
2023-02-20,108T,
2023-02-21,108T,
2023-02-22,108T,
2023-02-23,108T,
2023-02-24,108T,
2023-02-25,108T,
2023-02-26,108T,
2023-02-27,108T,
2023-02-28,108T,
2023-03-01,108T,
2023-03-02,108T,
2023-03-03,108T,
2023-03-04,108T,
2023-03-05,108T,
2023-03-06,108T,
2023-03-07,108T,
2023-03-08,108T,
2023-03-09,108T,
2023-03-10,108T,
2023-03-11,108T,
2023-03-12,108T,
2023-03-13,108T,
2023-03-14,108T,
2023-03-15,108T,
2023-03-16,108T,
2023-03-17,108T,
2023-03-18,108T,
2023-03-19,108T,
2023-03-20,108T,
2023-03-21,108T,
2023-03-22,108T,
2023-03-23,108T,
2023-03-24,108T,
2023-03-25,108T,
2023-03-26,108T,
2023-03-27,108T,
2023-03-28,108T,
2023-03-29,108T,
2023-03-30,108T,
2023-03-31,108T,
2023-04-01,108T,
2023-04-02,108T,
2023-04-03,108T,
2023-04-04,108T,
2023-04-05,108T,
2023-04-06,108T,
2023-04-07,108T,
2023-04-08,108T,
2023-04-09,108T,
2023-04-10,108T,
2023-04-11,108T,
2023-04-12,108T,
2023-04-13,108T,
2023-04-14,108T,
2023-04-15,108T,
2023-04-16,108T,
2023-04-17,108T,
2023-04-18,108T,
2023-04-19,108T,
2023-04-20,108T,
2023-04-21,108T,
2023-04-22,108T,
2023-04-23,108T,
2023-04-24,108T,
2023-04-25,108T,
2023-04-26,108T,
2023-04-27,108T,
2023-04-28,108T,
2023-04-29,108T,
2023-04-30,108T,
2023-02-01,109T,
2023-02-02,109T,
2023-02-03,109T,
2023-02-04,109T,
2023-02-05,109T,
2023-02-06,109T,
2023-02-07,109T,
2023-02-08,109T,
2023-02-09,109T,
2023-02-10,109T,
2023-02-11,109T,
2023-02-12,109T,
2023-02-13,109T,
2023-02-14,109T,
2023-02-15,109T,
2023-02-16,109T,
2023-02-17,109T,
2023-02-18,109T,
2023-02-19,109T,
2023-02-20,109T,
2023-02-21,109T,
2023-02-22,109T,
2023-02-23,109T,
2023-02-24,109T,
2023-02-25,109T,
2023-02-26,109T,
2023-02-27,109T,
2023-02-28,109T,
2023-03-01,109T,
2023-03-02,109T,
2023-03-03,109T,
2023-03-04,109T,
2023-03-05,109T,
2023-03-06,109T,
2023-03-07,109T,
2023-03-08,109T,
2023-03-09,109T,
2023-03-10,109T,
2023-03-11,109T,
2023-03-12,109T,
2023-03-13,109T,
2023-03-14,109T,
2023-03-15,109T,
2023-03-16,109T,
2023-03-17,109T,
2023-03-18,109T,
2023-03-19,109T,
2023-03-20,109T,
2023-03-21,109T,
2023-03-22,109T,
2023-03-23,109T,
2023-03-24,109T,
2023-03-25,109T,
2023-03-26,109T,
2023-03-27,109T,
2023-03-28,109T,
2023-03-29,109T,
2023-03-30,109T,
2023-03-31,109T,
2023-04-01,109T,
2023-04-02,109T,
2023-04-03,109T,
2023-04-04,109T,
2023-04-05,109T,
2023-04-06,109T,
2023-04-07,109T,
2023-04-08,109T,
2023-04-09,109T,
2023-04-10,109T,
2023-04-11,109T,
2023-04-12,109T,
2023-04-13,109T,
2023-04-14,109T,
2023-04-15,109T,
2023-04-16,109T,
2023-04-17,109T,
2023-04-18,109T,
2023-04-19,109T,
2023-04-20,109T,
2023-04-21,109T,
2023-04-22,109T,
2023-04-23,109T,
2023-04-24,109T,
2023-04-25,109T,
2023-04-26,109T,
2023-04-27,109T,
2023-04-28,109T,
2023-04-29,109T,
2023-04-30,109T,
2023-02-01,110T,
2023-02-02,110T,
2023-02-03,110T,
2023-02-04,110T,
2023-02-05,110T,
2023-02-06,110T,
2023-02-07,110T,
2023-02-08,110T,
2023-02-09,110T,
2023-02-10,110T,
2023-02-11,110T,
2023-02-12,110T,
2023-02-13,110T,
2023-02-14,110T,
2023-02-15,110T,
2023-02-16,110T,
2023-02-17,110T,
2023-02-18,110T,
2023-02-19,110T,
2023-02-20,110T,
2023-02-21,110T,
2023-02-22,110T,
2023-02-23,110T,
2023-02-24,110T,
2023-02-25,110T,
2023-02-26,110T,
2023-02-27,110T,
2023-02-28,110T,
2023-03-01,110T,
2023-03-02,110T,
2023-03-03,110T,
2023-03-04,110T,
2023-03-05,110T,
2023-03-06,110T,
2023-03-07,110T,
2023-03-08,110T,
2023-03-09,110T,
2023-03-10,110T,
2023-03-11,110T,
2023-03-12,110T,
2023-03-13,110T,
2023-03-14,110T,
2023-03-15,110T,
2023-03-16,110T,
2023-03-17,110T,
2023-03-18,110T,
2023-03-19,110T,
2023-03-20,110T,
2023-03-21,110T,
2023-03-22,110T,
2023-03-23,110T,
2023-03-24,110T,
2023-03-25,110T,
2023-03-26,110T,
2023-03-27,110T,
2023-03-28,110T,
2023-03-29,110T,
2023-03-30,110T,
2023-03-31,110T,
2023-04-01,110T,
2023-04-02,110T,
2023-04-03,110T,
2023-04-04,110T,
2023-04-05,110T,
2023-04-06,110T,
2023-04-07,110T,
2023-04-08,110T,
2023-04-09,110T,
2023-04-10,110T,
2023-04-11,110T,
2023-04-12,110T,
2023-04-13,110T,
2023-04-14,110T,
2023-04-15,110T,
2023-04-16,110T,
2023-04-17,110T,
2023-04-18,110T,
2023-04-19,110T,
2023-04-20,110T,
2023-04-21,110T,
2023-04-22,110T,
2023-04-23,110T,
2023-04-24,110T,
2023-04-25,110T,
2023-04-26,110T,
2023-04-27,110T,
2023-04-28,110T,
2023-04-29,110T,
2023-04-30,110T,
2023-02-01,111T,
2023-02-02,111T,
2023-02-03,111T,
2023-02-04,111T,
2023-02-05,111T,
2023-02-06,111T,
2023-02-07,111T,
2023-02-08,111T,
2023-02-09,111T,
2023-02-10,111T,
2023-02-11,111T,
2023-02-12,111T,
2023-02-13,111T,
2023-02-14,111T,
2023-02-15,111T,
2023-02-16,111T,
2023-02-17,111T,
2023-02-18,111T,
2023-02-19,111T,
2023-02-20,111T,
2023-02-21,111T,
2023-02-22,111T,
2023-02-23,111T,
2023-02-24,111T,
2023-02-25,111T,
2023-02-26,111T,
2023-02-27,111T,
2023-02-28,111T,
2023-03-01,111T,
2023-03-02,111T,
2023-03-03,111T,
2023-03-04,111T,
2023-03-05,111T,
2023-03-06,111T,
2023-03-07,111T,
2023-03-08,111T,
2023-03-09,111T,
2023-03-10,111T,
2023-03-11,111T,
2023-03-12,111T,
2023-03-13,111T,
2023-03-14,111T,
2023-03-15,111T,
2023-03-16,111T,
2023-03-17,111T,
2023-03-18,111T,
2023-03-19,111T,
2023-03-20,111T,
2023-03-21,111T,
2023-03-22,111T,
2023-03-23,111T,
2023-03-24,111T,
2023-03-25,111T,
2023-03-26,111T,
2023-03-27,111T,
2023-03-28,111T,
2023-03-29,111T,
2023-03-30,111T,
2023-03-31,111T,
2023-04-01,111T,
2023-04-02,111T,
2023-04-03,111T,
2023-04-04,111T,
2023-04-05,111T,
2023-04-06,111T,
2023-04-07,111T,
2023-04-08,111T,
2023-04-09,111T,
2023-04-10,111T,
2023-04-11,111T,
2023-04-12,111T,
2023-04-13,111T,
2023-04-14,111T,
2023-04-15,111T,
2023-04-16,111T,
2023-04-17,111T,
2023-04-18,111T,
2023-04-19,111T,
2023-04-20,111T,
2023-04-21,111T,
2023-04-22,111T,
2023-04-23,111T,
2023-04-24,111T,
2023-04-25,111T,
2023-04-26,111T,
2023-04-27,111T,
2023-04-28,111T,
2023-04-29,111T,
2023-04-30,111T,
2023-02-01,112T,
2023-02-02,112T,
2023-02-03,112T,
2023-02-04,112T,
2023-02-05,112T,
2023-02-06,112T,
2023-02-07,112T,
2023-02-08,112T,
2023-02-09,112T,
2023-02-10,112T,
2023-02-11,112T,
2023-02-12,112T,
2023-02-13,112T,
2023-02-14,112T,
2023-02-15,112T,
2023-02-16,112T,
2023-02-17,112T,
2023-02-18,112T,
2023-02-19,112T,
2023-02-20,112T,
2023-02-21,112T,
2023-02-22,112T,
2023-02-23,112T,
2023-02-24,112T,
2023-02-25,112T,
2023-02-26,112T,
2023-02-27,112T,
2023-02-28,112T,
2023-03-01,112T,
2023-03-02,112T,
2023-03-03,112T,
2023-03-04,112T,
2023-03-05,112T,
2023-03-06,112T,
2023-03-07,112T,
2023-03-08,112T,
2023-03-09,112T,
2023-03-10,112T,
2023-03-11,112T,
2023-03-12,112T,
2023-03-13,112T,
2023-03-14,112T,
2023-03-15,112T,
2023-03-16,112T,
2023-03-17,112T,
2023-03-18,112T,
2023-03-19,112T,
2023-03-20,112T,
2023-03-21,112T,
2023-03-22,112T,
2023-03-23,112T,
2023-03-24,112T,
2023-03-25,112T,
2023-03-26,112T,
2023-03-27,112T,
2023-03-28,112T,
2023-03-29,112T,
2023-03-30,112T,
2023-03-31,112T,
2023-04-01,112T,
2023-04-02,112T,
2023-04-03,112T,
2023-04-04,112T,
2023-04-05,112T,
2023-04-06,112T,
2023-04-07,112T,
2023-04-08,112T,
2023-04-09,112T,
2023-04-10,112T,
2023-04-11,112T,
2023-04-12,112T,
2023-04-13,112T,
2023-04-14,112T,
2023-04-15,112T,
2023-04-16,112T,
2023-04-17,112T,
2023-04-18,112T,
2023-04-19,112T,
2023-04-20,112T,
2023-04-21,112T,
2023-04-22,112T,
2023-04-23,112T,
2023-04-24,112T,
2023-04-25,112T,
2023-04-26,112T,
2023-04-27,112T,
2023-04-28,112T,
2023-04-29,112T,
2023-04-30,112T,
2023-02-01,28T,62.0
2023-02-02,28T,55.0
2023-02-03,28T,36.0
2023-02-04,28T,24.0
2023-02-05,28T,25.0
2023-02-06,28T,25.0
2023-02-07,28T,20.0
2023-02-08,28T,19.0
2023-02-09,28T,20.0
2023-02-10,28T,21.0
2023-02-11,28T,18.0
2023-02-12,28T,21.0
2023-02-13,28T,26.0
2023-02-14,28T,25.0
2023-02-15,28T,25.0
2023-02-16,28T,26.0
2023-02-17,28T,29.0
2023-02-18,28T,44.0
2023-02-19,28T,58.0
2023-02-20,28T,50.0
2023-02-21,28T,42.0
2023-02-22,28T,43.0
2023-02-23,28T,51.0
2023-02-24,28T,58.0
2023-02-25,28T,48.0
2023-02-26,28T,28.0
2023-02-27,28T,29.0
2023-02-28,28T,40.0
2023-03-01,28T,51.0
2023-03-02,28T,47.0
2023-03-03,28T,37.0
2023-03-04,28T,51.0
2023-03-05,28T,51.0
2023-03-06,28T,57.0
2023-03-07,28T,69.0
2023-03-08,28T,66.0
2023-03-09,28T,53.0
2023-03-10,28T,48.0
2023-03-11,28T,43.0
2023-03-12,28T,37.0
2023-03-13,28T,42.0
2023-03-14,28T,46.0
2023-03-15,28T,45.0
2023-03-16,28T,27.0
2023-03-17,28T,25.0
2023-03-18,28T,23.0
2023-03-19,28T,25.0
2023-03-20,28T,22.0
2023-03-21,28T,24.0
2023-03-22,28T,22.0
2023-03-23,28T,17.0
2023-03-24,28T,22.0
2023-03-25,28T,21.0
2023-03-26,28T,19.0
2023-03-27,28T,21.0
2023-03-28,28T,17.0
2023-03-29,28T,14.0
2023-03-30,28T,20.0
2023-03-31,28T,19.0
2023-04-01,28T,22.0
2023-04-02,28T,22.0
2023-04-03,28T,27.0
2023-04-04,28T,31.0
2023-04-05,28T,33.0
2023-04-06,28T,31.0
2023-04-07,28T,38.0
2023-04-08,28T,24.0
2023-04-09,28T,23.0
2023-04-10,28T,27.0
2023-04-11,28T,27.0
2023-04-12,28T,40.0
2023-04-13,28T,36.0
2023-04-14,28T,44.0
2023-04-15,28T,56.0
2023-04-16,28T,46.0
2023-04-17,28T,45.0
2023-04-18,28T,41.0
2023-04-19,28T,43.0
2023-04-20,28T,42.0
2023-04-21,28T,52.0
2023-04-22,28T,52.0
2023-04-23,28T,41.0
2023-04-24,28T,26.0
2023-04-25,28T,23.0
2023-04-26,28T,20.0
2023-04-27,28T,33.0
2023-04-28,28T,33.0
2023-04-29,28T,29.0
2023-04-30,28T,21.0
2023-02-01,29T,74.0
2023-02-02,29T,56.0
2023-02-03,29T,31.0
2023-02-04,29T,19.0
2023-02-05,29T,22.0
2023-02-06,29T,16.0
2023-02-07,29T,15.0
2023-02-08,29T,15.0
2023-02-09,29T,17.0
2023-02-10,29T,17.0
2023-02-11,29T,16.0
2023-02-12,29T,18.0
2023-02-13,29T,21.0
2023-02-14,29T,21.0
2023-02-15,29T,21.0
2023-02-16,29T,31.0
2023-02-17,29T,32.0
2023-02-18,29T,52.0
2023-02-19,29T,65.0
2023-02-20,29T,54.0
2023-02-21,29T,37.0
2023-02-22,29T,30.0
2023-02-23,29T,42.0
2023-02-24,29T,43.0
2023-02-25,29T,58.0
2023-02-26,29T,32.0
2023-02-27,29T,28.0
2023-02-28,29T,30.0
2023-03-01,29T,36.0
2023-03-02,29T,40.0
2023-03-03,29T,29.0
2023-03-04,29T,45.0
2023-03-05,29T,41.0
2023-03-06,29T,50.0
2023-03-07,29T,73.0
2023-03-08,29T,67.0
2023-03-09,29T,44.0
2023-03-10,29T,47.0
2023-03-11,29T,34.0
2023-03-12,29T,30.0
2023-03-13,29T,39.0
2023-03-14,29T,43.0
2023-03-15,29T,40.0
2023-03-16,29T,21.0
2023-03-17,29T,19.0
2023-03-18,29T,17.0
2023-03-19,29T,17.0
2023-03-20,29T,17.0
2023-03-21,29T,19.0
2023-03-22,29T,19.0
2023-03-23,29T,14.0
2023-03-24,29T,14.0
2023-03-25,29T,11.0
2023-03-26,29T,14.0
2023-03-27,29T,17.0
2023-03-28,29T,14.0
2023-03-29,29T,14.0
2023-03-30,29T,
2023-03-31,29T,20.0
2023-04-01,29T,19.0
2023-04-02,29T,25.0
2023-04-03,29T,25.0
2023-04-04,29T,27.0
2023-04-05,29T,24.0
2023-04-06,29T,29.0
2023-04-07,29T,21.0
2023-04-08,29T,24.0
2023-04-09,29T,19.0
2023-04-10,29T,19.0
2023-04-11,29T,28.0
2023-04-12,29T,32.0
2023-04-13,29T,34.0
2023-04-14,29T,46.0
2023-04-15,29T,62.0
2023-04-16,29T,42.0
2023-04-17,29T,56.0
2023-04-18,29T,42.0
2023-04-19,29T,37.0
2023-04-20,29T,38.0
2023-04-21,29T,45.0
2023-04-22,29T,53.0
2023-04-23,29T,47.0
2023-04-24,29T,29.0
2023-04-25,29T,26.0
2023-04-26,29T,22.0
2023-04-27,29T,37.0
2023-04-28,29T,29.0
2023-04-29,29T,25.0
2023-04-30,29T,23.0
2023-02-01,30T,65.0
2023-02-02,30T,50.0
2023-02-03,30T,35.0
2023-02-04,30T,19.0
2023-02-05,30T,22.0
2023-02-06,30T,16.0
2023-02-07,30T,23.0
2023-02-08,30T,25.0
2023-02-09,30T,24.0
2023-02-10,30T,29.0
2023-02-11,30T,24.0
2023-02-12,30T,26.0
2023-02-13,30T,27.0
2023-02-14,30T,26.0
2023-02-15,30T,25.0
2023-02-16,30T,28.0
2023-02-17,30T,32.0
2023-02-18,30T,53.0
2023-02-19,30T,64.0
2023-02-20,30T,58.0
2023-02-21,30T,48.0
2023-02-22,30T,42.0
2023-02-23,30T,64.0
2023-02-24,30T,74.0
2023-02-25,30T,58.0
2023-02-26,30T,32.0
2023-02-27,30T,39.0
2023-02-28,30T,44.0
2023-03-01,30T,58.0
2023-03-02,30T,55.0
2023-03-03,30T,41.0
2023-03-04,30T,59.0
2023-03-05,30T,47.0
2023-03-06,30T,63.0
2023-03-07,30T,73.0
2023-03-08,30T,81.0
2023-03-09,30T,46.0
2023-03-10,30T,50.0
2023-03-11,30T,42.0
2023-03-12,30T,41.0
2023-03-13,30T,54.0
2023-03-14,30T,60.0
2023-03-15,30T,48.0
2023-03-16,30T,24.0
2023-03-17,30T,25.0
2023-03-18,30T,22.0
2023-03-19,30T,26.0
2023-03-20,30T,23.0
2023-03-21,30T,19.0
2023-03-22,30T,28.0
2023-03-23,30T,18.0
2023-03-24,30T,19.0
2023-03-25,30T,17.0
2023-03-26,30T,15.0
2023-03-27,30T,20.0
2023-03-28,30T,13.0
2023-03-29,30T,19.0
2023-03-30,30T,22.0
2023-03-31,30T,20.0
2023-04-01,30T,25.0
2023-04-02,30T,23.0
2023-04-03,30T,31.0
2023-04-04,30T,29.0
2023-04-05,30T,26.0
2023-04-06,30T,31.0
2023-04-07,30T,22.0
2023-04-08,30T,23.0
2023-04-09,30T,20.0
2023-04-10,30T,17.0
2023-04-11,30T,34.0
2023-04-12,30T,40.0
2023-04-13,30T,50.0
2023-04-14,30T,54.0
2023-04-15,30T,68.0
2023-04-16,30T,51.0
2023-04-17,30T,71.0
2023-04-18,30T,45.0
2023-04-19,30T,46.0
2023-04-20,30T,54.0
2023-04-21,30T,58.0
2023-04-22,30T,77.0
2023-04-23,30T,53.0
2023-04-24,30T,31.0
2023-04-25,30T,30.0
2023-04-26,30T,32.0
2023-04-27,30T,44.0
2023-04-28,30T,35.0
2023-04-29,30T,27.0
2023-04-30,30T,28.0
2023-02-01,31T,67.0
2023-02-02,31T,50.0
2023-02-03,31T,31.0
2023-02-04,31T,22.0
2023-02-05,31T,18.0
2023-02-06,31T,17.0
2023-02-07,31T,15.0
2023-02-08,31T,19.0
2023-02-09,31T,16.0
2023-02-10,31T,15.0
2023-02-11,31T,17.0
2023-02-12,31T,16.0
2023-02-13,31T,19.0
2023-02-14,31T,21.0
2023-02-15,31T,24.0
2023-02-16,31T,28.0
2023-02-17,31T,33.0
2023-02-18,31T,47.0
2023-02-19,31T,55.0
2023-02-20,31T,48.0
2023-02-21,31T,40.0
2023-02-22,31T,40.0
2023-02-23,31T,47.0
2023-02-24,31T,58.0
2023-02-25,31T,52.0
2023-02-26,31T,35.0
2023-02-27,31T,41.0
2023-02-28,31T,47.0
2023-03-01,31T,51.0
2023-03-02,31T,52.0
2023-03-03,31T,42.0
2023-03-04,31T,55.0
2023-03-05,31T,49.0
2023-03-06,31T,56.0
2023-03-07,31T,70.0
2023-03-08,31T,65.0
2023-03-09,31T,49.0
2023-03-10,31T,45.0
2023-03-11,31T,39.0
2023-03-12,31T,37.0
2023-03-13,31T,48.0
2023-03-14,31T,48.0
2023-03-15,31T,44.0
2023-03-16,31T,24.0
2023-03-17,31T,23.0
2023-03-18,31T,24.0
2023-03-19,31T,26.0
2023-03-20,31T,23.0
2023-03-21,31T,25.0
2023-03-22,31T,23.0
2023-03-23,31T,15.0
2023-03-24,31T,18.0
2023-03-25,31T,21.0
2023-03-26,31T,17.0
2023-03-27,31T,21.0
2023-03-28,31T,15.0
2023-03-29,31T,11.0
2023-03-30,31T,17.0
2023-03-31,31T,20.0
2023-04-01,31T,21.0
2023-04-02,31T,23.0
2023-04-03,31T,27.0
2023-04-04,31T,29.0
2023-04-05,31T,31.0
2023-04-06,31T,32.0
2023-04-07,31T,26.0
2023-04-08,31T,23.0
2023-04-09,31T,17.0
2023-04-10,31T,16.0
2023-04-11,31T,30.0
2023-04-12,31T,33.0
2023-04-13,31T,42.0
2023-04-14,31T,49.0
2023-04-15,31T,57.0
2023-04-16,31T,49.0
2023-04-17,31T,56.0
2023-04-18,31T,42.0
2023-04-19,31T,47.0
2023-04-20,31T,49.0
2023-04-21,31T,48.0
2023-04-22,31T,52.0
2023-04-23,31T,36.0
2023-04-24,31T,27.0
2023-04-25,31T,24.0
2023-04-26,31T,24.0
2023-04-27,31T,29.0
2023-04-28,31T,27.0
2023-04-29,31T,25.0
2023-04-30,31T,25.0
2023-02-01,74T,75.0
2023-02-02,74T,58.0
2023-02-03,74T,27.0
2023-02-04,74T,18.0
2023-02-05,74T,18.0
2023-02-06,74T,14.0
2023-02-07,74T,14.0
2023-02-08,74T,13.0
2023-02-09,74T,13.0
2023-02-10,74T,15.0
2023-02-11,74T,15.0
2023-02-12,74T,17.0
2023-02-13,74T,17.0
2023-02-14,74T,18.0
2023-02-15,74T,18.0
2023-02-16,74T,26.0
2023-02-17,74T,28.0
2023-02-18,74T,46.0
2023-02-19,74T,54.0
2023-02-20,74T,41.0
2023-02-21,74T,38.0
2023-02-22,74T,40.0
2023-02-23,74T,48.0
2023-02-24,74T,59.0
2023-02-25,74T,54.0
2023-02-26,74T,29.0
2023-02-27,74T,36.0
2023-02-28,74T,41.0
2023-03-01,74T,45.0
2023-03-02,74T,46.0
2023-03-03,74T,39.0
2023-03-04,74T,50.0
2023-03-05,74T,46.0
2023-03-06,74T,58.0
2023-03-07,74T,67.0
2023-03-08,74T,46.0
2023-03-09,74T,39.0
2023-03-10,74T,33.0
2023-03-11,74T,31.0
2023-03-12,74T,33.0
2023-03-13,74T,39.0
2023-03-14,74T,42.0
2023-03-15,74T,34.0
2023-03-16,74T,23.0
2023-03-17,74T,22.0
2023-03-18,74T,18.0
2023-03-19,74T,21.0
2023-03-20,74T,18.0
2023-03-21,74T,19.0
2023-03-22,74T,19.0
2023-03-23,74T,13.0
2023-03-24,74T,15.0
2023-03-25,74T,14.0
2023-03-26,74T,12.0
2023-03-27,74T,16.0
2023-03-28,74T,13.0
2023-03-29,74T,11.0
2023-03-30,74T,14.0
2023-03-31,74T,15.0
2023-04-01,74T,17.0
2023-04-02,74T,17.0
2023-04-03,74T,22.0
2023-04-04,74T,22.0
2023-04-05,74T,24.0
2023-04-06,74T,23.0
2023-04-07,74T,21.0
2023-04-08,74T,15.0
2023-04-09,74T,13.0
2023-04-10,74T,16.0
2023-04-11,74T,21.0
2023-04-12,74T,22.0
2023-04-13,74T,33.0
2023-04-14,74T,42.0
2023-04-15,74T,46.0
2023-04-16,74T,35.0
2023-04-17,74T,47.0
2023-04-18,74T,33.0
2023-04-19,74T,32.0
2023-04-20,74T,41.0
2023-04-21,74T,49.0
2023-04-22,74T,49.0
2023-04-23,74T,30.0
2023-04-24,74T,22.0
2023-04-25,74T,22.0
2023-04-26,74T,17.0
2023-04-27,74T,25.0
2023-04-28,74T,23.0
2023-04-29,74T,20.0
2023-04-30,74T,17.0
2023-02-01,32T,
2023-02-02,32T,66.0
2023-02-03,32T,36.0
2023-02-04,32T,30.0
2023-02-05,32T,19.0
2023-02-06,32T,18.0
2023-02-07,32T,16.0
2023-02-08,32T,18.0
2023-02-09,32T,16.0
2023-02-10,32T,15.0
2023-02-11,32T,16.0
2023-02-12,32T,
2023-02-13,32T,
2023-02-14,32T,23.0
2023-02-15,32T,21.0
2023-02-16,32T,22.0
2023-02-17,32T,33.0
2023-02-18,32T,57.0
2023-02-19,32T,63.0
2023-02-20,32T,53.0
2023-02-21,32T,44.0
2023-02-22,32T,48.0
2023-02-23,32T,50.0
2023-02-24,32T,59.0
2023-02-25,32T,47.0
2023-02-26,32T,36.0
2023-02-27,32T,40.0
2023-02-28,32T,50.0
2023-03-01,32T,51.0
2023-03-02,32T,48.0
2023-03-03,32T,44.0
2023-03-04,32T,53.0
2023-03-05,32T,48.0
2023-03-06,32T,57.0
2023-03-07,32T,65.0
2023-03-08,32T,65.0
2023-03-09,32T,44.0
2023-03-10,32T,45.0
2023-03-11,32T,39.0
2023-03-12,32T,37.0
2023-03-13,32T,49.0
2023-03-14,32T,44.0
2023-03-15,32T,44.0
2023-03-16,32T,29.0
2023-03-17,32T,25.0
2023-03-18,32T,21.0
2023-03-19,32T,25.0
2023-03-20,32T,22.0
2023-03-21,32T,21.0
2023-03-22,32T,22.0
2023-03-23,32T,17.0
2023-03-24,32T,17.0
2023-03-25,32T,19.0
2023-03-26,32T,16.0
2023-03-27,32T,19.0
2023-03-28,32T,16.0
2023-03-29,32T,15.0
2023-03-30,32T,16.0
2023-03-31,32T,20.0
2023-04-01,32T,23.0
2023-04-02,32T,23.0
2023-04-03,32T,27.0
2023-04-04,32T,31.0
2023-04-05,32T,33.0
2023-04-06,32T,30.0
2023-04-07,32T,25.0
2023-04-08,32T,24.0
2023-04-09,32T,20.0
2023-04-10,32T,17.0
2023-04-11,32T,28.0
2023-04-12,32T,31.0
2023-04-13,32T,42.0
2023-04-14,32T,44.0
2023-04-15,32T,55.0
2023-04-16,32T,46.0
2023-04-17,32T,50.0
2023-04-18,32T,40.0
2023-04-19,32T,42.0
2023-04-20,32T,42.0
2023-04-21,32T,53.0
2023-04-22,32T,53.0
2023-04-23,32T,37.0
2023-04-24,32T,25.0
2023-04-25,32T,23.0
2023-04-26,32T,24.0
2023-04-27,32T,32.0
2023-04-28,32T,24.0
2023-04-29,32T,23.0
2023-04-30,32T,19.0
2023-02-01,33T,69.0
2023-02-02,33T,59.0
2023-02-03,33T,39.0
2023-02-04,33T,26.0
2023-02-05,33T,20.0
2023-02-06,33T,19.0
2023-02-07,33T,15.0
2023-02-08,33T,15.0
2023-02-09,33T,16.0
2023-02-10,33T,16.0
2023-02-11,33T,15.0
2023-02-12,33T,16.0
2023-02-13,33T,18.0
2023-02-14,33T,
2023-02-15,33T,
2023-02-16,33T,20.0
2023-02-17,33T,28.0
2023-02-18,33T,42.0
2023-02-19,33T,50.0
2023-02-20,33T,41.0
2023-02-21,33T,39.0
2023-02-22,33T,40.0
2023-02-23,33T,43.0
2023-02-24,33T,50.0
2023-02-25,33T,45.0
2023-02-26,33T,29.0
2023-02-27,33T,31.0
2023-02-28,33T,32.0
2023-03-01,33T,38.0
2023-03-02,33T,43.0
2023-03-03,33T,39.0
2023-03-04,33T,48.0
2023-03-05,33T,43.0
2023-03-06,33T,51.0
2023-03-07,33T,61.0
2023-03-08,33T,61.0
2023-03-09,33T,45.0
2023-03-10,33T,47.0
2023-03-11,33T,39.0
2023-03-12,33T,35.0
2023-03-13,33T,42.0
2023-03-14,33T,45.0
2023-03-15,33T,44.0
2023-03-16,33T,23.0
2023-03-17,33T,25.0
2023-03-18,33T,21.0
2023-03-19,33T,20.0
2023-03-20,33T,20.0
2023-03-21,33T,20.0
2023-03-22,33T,20.0
2023-03-23,33T,15.0
2023-03-24,33T,16.0
2023-03-25,33T,18.0
2023-03-26,33T,19.0
2023-03-27,33T,23.0
2023-03-28,33T,18.0
2023-03-29,33T,16.0
2023-03-30,33T,18.0
2023-03-31,33T,20.0
2023-04-01,33T,20.0
2023-04-02,33T,19.0
2023-04-03,33T,26.0
2023-04-04,33T,27.0
2023-04-05,33T,32.0
2023-04-06,33T,28.0
2023-04-07,33T,24.0
2023-04-08,33T,20.0
2023-04-09,33T,21.0
2023-04-10,33T,16.0
2023-04-11,33T,26.0
2023-04-12,33T,39.0
2023-04-13,33T,36.0
2023-04-14,33T,43.0
2023-04-15,33T,50.0
2023-04-16,33T,48.0
2023-04-17,33T,44.0
2023-04-18,33T,40.0
2023-04-19,33T,37.0
2023-04-20,33T,41.0
2023-04-21,33T,49.0
2023-04-22,33T,49.0
2023-04-23,33T,38.0
2023-04-24,33T,27.0
2023-04-25,33T,22.0
2023-04-26,33T,20.0
2023-04-27,33T,26.0
2023-04-28,33T,24.0
2023-04-29,33T,22.0
2023-04-30,33T,18.0
2023-02-01,34T,
2023-02-02,34T,
2023-02-03,34T,
2023-02-04,34T,
2023-02-05,34T,
2023-02-06,34T,
2023-02-07,34T,
2023-02-08,34T,
2023-02-09,34T,13.0
2023-02-10,34T,17.0
2023-02-11,34T,12.0
2023-02-12,34T,14.0
2023-02-13,34T,21.0
2023-02-14,34T,21.0
2023-02-15,34T,25.0
2023-02-16,34T,21.0
2023-02-17,34T,30.0
2023-02-18,34T,52.0
2023-02-19,34T,62.0
2023-02-20,34T,43.0
2023-02-21,34T,47.0
2023-02-22,34T,49.0
2023-02-23,34T,52.0
2023-02-24,34T,52.0
2023-02-25,34T,43.0
2023-02-26,34T,32.0
2023-02-27,34T,41.0
2023-02-28,34T,51.0
2023-03-01,34T,51.0
2023-03-02,34T,47.0
2023-03-03,34T,44.0
2023-03-04,34T,57.0
2023-03-05,34T,49.0
2023-03-06,34T,55.0
2023-03-07,34T,64.0
2023-03-08,34T,68.0
2023-03-09,34T,49.0
2023-03-10,34T,47.0
2023-03-11,34T,35.0
2023-03-12,34T,29.0
2023-03-13,34T,40.0
2023-03-14,34T,40.0
2023-03-15,34T,61.0
2023-03-16,34T,28.0
2023-03-17,34T,26.0
2023-03-18,34T,20.0
2023-03-19,34T,24.0
2023-03-20,34T,21.0
2023-03-21,34T,25.0
2023-03-22,34T,22.0
2023-03-23,34T,15.0
2023-03-24,34T,19.0
2023-03-25,34T,24.0
2023-03-26,34T,18.0
2023-03-27,34T,19.0
2023-03-28,34T,22.0
2023-03-29,34T,17.0
2023-03-30,34T,22.0
2023-03-31,34T,30.0
2023-04-01,34T,21.0
2023-04-02,34T,24.0
2023-04-03,34T,30.0
2023-04-04,34T,37.0
2023-04-05,34T,30.0
2023-04-06,34T,32.0
2023-04-07,34T,22.0
2023-04-08,34T,23.0
2023-04-09,34T,18.0
2023-04-10,34T,18.0
2023-04-11,34T,22.0
2023-04-12,34T,34.0
2023-04-13,34T,47.0
2023-04-14,34T,40.0
2023-04-15,34T,51.0
2023-04-16,34T,47.0
2023-04-17,34T,47.0
2023-04-18,34T,40.0
2023-04-19,34T,35.0
2023-04-20,34T,30.0
2023-04-21,34T,58.0
2023-04-22,34T,52.0
2023-04-23,34T,37.0
2023-04-24,34T,26.0
2023-04-25,34T,22.0
2023-04-26,34T,20.0
2023-04-27,34T,30.0
2023-04-28,34T,25.0
2023-04-29,34T,21.0
2023-04-30,34T,22.0
2023-02-01,60T,70.0
2023-02-02,60T,90.0
2023-02-03,60T,48.0
2023-02-04,60T,52.0
2023-02-05,60T,24.0
2023-02-06,60T,31.0
2023-02-07,60T,25.0
2023-02-08,60T,24.0
2023-02-09,60T,25.0
2023-02-10,60T,21.0
2023-02-11,60T,19.0
2023-02-12,60T,23.0
2023-02-13,60T,27.0
2023-02-14,60T,26.0
2023-02-15,60T,30.0
2023-02-16,60T,24.0
2023-02-17,60T,30.0
2023-02-18,60T,43.0
2023-02-19,60T,60.0
2023-02-20,60T,42.0
2023-02-21,60T,42.0
2023-02-22,60T,46.0
2023-02-23,60T,46.0
2023-02-24,60T,55.0
2023-02-25,60T,40.0
2023-02-26,60T,31.0
2023-02-27,60T,35.0
2023-02-28,60T,43.0
2023-03-01,60T,53.0
2023-03-02,60T,41.0
2023-03-03,60T,35.0
2023-03-04,60T,50.0
2023-03-05,60T,50.0
2023-03-06,60T,57.0
2023-03-07,60T,74.0
2023-03-08,60T,80.0
2023-03-09,60T,67.0
2023-03-10,60T,57.0
2023-03-11,60T,50.0
2023-03-12,60T,43.0
2023-03-13,60T,39.0
2023-03-14,60T,39.0
2023-03-15,60T,54.0
2023-03-16,60T,33.0
2023-03-17,60T,29.0
2023-03-18,60T,31.0
2023-03-19,60T,26.0
2023-03-20,60T,34.0
2023-03-21,60T,29.0
2023-03-22,60T,28.0
2023-03-23,60T,23.0
2023-03-24,60T,22.0
2023-03-25,60T,23.0
2023-03-26,60T,20.0
2023-03-27,60T,21.0
2023-03-28,60T,19.0
2023-03-29,60T,17.0
2023-03-30,60T,20.0
2023-03-31,60T,21.0
2023-04-01,60T,22.0
2023-04-02,60T,26.0
2023-04-03,60T,30.0
2023-04-04,60T,34.0
2023-04-05,60T,32.0
2023-04-06,60T,34.0
2023-04-07,60T,27.0
2023-04-08,60T,19.0
2023-04-09,60T,22.0
2023-04-10,60T,22.0
2023-04-11,60T,23.0
2023-04-12,60T,31.0
2023-04-13,60T,41.0
2023-04-14,60T,46.0
2023-04-15,60T,51.0
2023-04-16,60T,42.0
2023-04-17,60T,48.0
2023-04-18,60T,45.0
2023-04-19,60T,39.0
2023-04-20,60T,43.0
2023-04-21,60T,49.0
2023-04-22,60T,47.0
2023-04-23,60T,37.0
2023-04-24,60T,32.0
2023-04-25,60T,21.0
2023-04-26,60T,23.0
2023-04-27,60T,29.0
2023-04-28,60T,27.0
2023-04-29,60T,25.0
2023-04-30,60T,20.0
2023-02-01,71T,59.0
2023-02-02,71T,63.0
2023-02-03,71T,46.0
2023-02-04,71T,44.0
2023-02-05,71T,33.0
2023-02-06,71T,38.0
2023-02-07,71T,29.0
2023-02-08,71T,30.0
2023-02-09,71T,31.0
2023-02-10,71T,29.0
2023-02-11,71T,25.0
2023-02-12,71T,26.0
2023-02-13,71T,27.0
2023-02-14,71T,27.0
2023-02-15,71T,36.0
2023-02-16,71T,19.0
2023-02-17,71T,30.0
2023-02-18,71T,38.0
2023-02-19,71T,42.0
2023-02-20,71T,40.0
2023-02-21,71T,44.0
2023-02-22,71T,53.0
2023-02-23,71T,63.0
2023-02-24,71T,55.0
2023-02-25,71T,34.0
2023-02-26,71T,28.0
2023-02-27,71T,36.0
2023-02-28,71T,36.0
2023-03-01,71T,39.0
2023-03-02,71T,41.0
2023-03-03,71T,45.0
2023-03-04,71T,56.0
2023-03-05,71T,49.0
2023-03-06,71T,63.0
2023-03-07,71T,84.0
2023-03-08,71T,80.0
2023-03-09,71T,80.0
2023-03-10,71T,71.0
2023-03-11,71T,65.0
2023-03-12,71T,54.0
2023-03-13,71T,42.0
2023-03-14,71T,42.0
2023-03-15,71T,61.0
2023-03-16,71T,39.0
2023-03-17,71T,36.0
2023-03-18,71T,35.0
2023-03-19,71T,33.0
2023-03-20,71T,31.0
2023-03-21,71T,26.0
2023-03-22,71T,24.0
2023-03-23,71T,23.0
2023-03-24,71T,17.0
2023-03-25,71T,17.0
2023-03-26,71T,17.0
2023-03-27,71T,24.0
2023-03-28,71T,26.0
2023-03-29,71T,19.0
2023-03-30,71T,17.0
2023-03-31,71T,16.0
2023-04-01,71T,18.0
2023-04-02,71T,17.0
2023-04-03,71T,12.0
2023-04-04,71T,18.0
2023-04-05,71T,22.0
2023-04-06,71T,25.0
2023-04-07,71T,15.0
2023-04-08,71T,17.0
2023-04-09,71T,23.0
2023-04-10,71T,19.0
2023-04-11,71T,23.0
2023-04-12,71T,27.0
2023-04-13,71T,30.0
2023-04-14,71T,35.0
2023-04-15,71T,39.0
2023-04-16,71T,26.0
2023-04-17,71T,39.0
2023-04-18,71T,34.0
2023-04-19,71T,24.0
2023-04-20,71T,36.0
2023-04-21,71T,38.0
2023-04-22,71T,34.0
2023-04-23,71T,28.0
2023-04-24,71T,21.0
2023-04-25,71T,25.0
2023-04-26,71T,14.0
2023-04-27,71T,25.0
2023-04-28,71T,25.0
2023-04-29,71T,24.0
2023-04-30,71T,20.0
2023-02-01,77T,65.0
2023-02-02,77T,77.0
2023-02-03,77T,60.0
2023-02-04,77T,45.0
2023-02-05,77T,29.0
2023-02-06,77T,36.0
2023-02-07,77T,36.0
2023-02-08,77T,35.0
2023-02-09,77T,31.0
2023-02-10,77T,32.0
2023-02-11,77T,27.0
2023-02-12,77T,31.0
2023-02-13,77T,36.0
2023-02-14,77T,36.0
2023-02-15,77T,37.0
2023-02-16,77T,26.0
2023-02-17,77T,37.0
2023-02-18,77T,54.0
2023-02-19,77T,57.0
2023-02-20,77T,39.0
2023-02-21,77T,40.0
2023-02-22,77T,51.0
2023-02-23,77T,57.0
2023-02-24,77T,56.0
2023-02-25,77T,38.0
2023-02-26,77T,37.0
2023-02-27,77T,42.0
2023-02-28,77T,44.0
2023-03-01,77T,52.0
2023-03-02,77T,46.0
2023-03-03,77T,44.0
2023-03-04,77T,52.0
2023-03-05,77T,50.0
2023-03-06,77T,66.0
2023-03-07,77T,80.0
2023-03-08,77T,81.0
2023-03-09,77T,78.0
2023-03-10,77T,72.0
2023-03-11,77T,59.0
2023-03-12,77T,60.0
2023-03-13,77T,44.0
2023-03-14,77T,42.0
2023-03-15,77T,57.0
2023-03-16,77T,41.0
2023-03-17,77T,35.0
2023-03-18,77T,40.0
2023-03-19,77T,40.0
2023-03-20,77T,39.0
2023-03-21,77T,37.0
2023-03-22,77T,34.0
2023-03-23,77T,32.0
2023-03-24,77T,22.0
2023-03-25,77T,15.0
2023-03-26,77T,13.0
2023-03-27,77T,23.0
2023-03-28,77T,27.0
2023-03-29,77T,24.0
2023-03-30,77T,26.0
2023-03-31,77T,26.0
2023-04-01,77T,31.0
2023-04-02,77T,33.0
2023-04-03,77T,39.0
2023-04-04,77T,35.0
2023-04-05,77T,39.0
2023-04-06,77T,41.0
2023-04-07,77T,30.0
2023-04-08,77T,27.0
2023-04-09,77T,33.0
2023-04-10,77T,33.0
2023-04-11,77T,34.0
2023-04-12,77T,37.0
2023-04-13,77T,40.0
2023-04-14,77T,52.0
2023-04-15,77T,57.0
2023-04-16,77T,43.0
2023-04-17,77T,56.0
2023-04-18,77T,54.0
2023-04-19,77T,41.0
2023-04-20,77T,49.0
2023-04-21,77T,57.0
2023-04-22,77T,54.0
2023-04-23,77T,37.0
2023-04-24,77T,35.0
2023-04-25,77T,33.0
2023-04-26,77T,29.0
2023-04-27,77T,33.0
2023-04-28,77T,30.0
2023-04-29,77T,30.0
2023-04-30,77T,24.0
2023-02-01,87T,40.0
2023-02-02,87T,40.0
2023-02-03,87T,36.0
2023-02-04,87T,19.0
2023-02-05,87T,28.0
2023-02-06,87T,22.0
2023-02-07,87T,12.0
2023-02-08,87T,17.0
2023-02-09,87T,15.0
2023-02-10,87T,15.0
2023-02-11,87T,14.0
2023-02-12,87T,13.0
2023-02-13,87T,16.0
2023-02-14,87T,16.0
2023-02-15,87T,17.0
2023-02-16,87T,20.0
2023-02-17,87T,23.0
2023-02-18,87T,35.0
2023-02-19,87T,42.0
2023-02-20,87T,39.0
2023-02-21,87T,42.0
2023-02-22,87T,46.0
2023-02-23,87T,52.0
2023-02-24,87T,48.0
2023-02-25,87T,61.0
2023-02-26,87T,49.0
2023-02-27,87T,44.0
2023-02-28,87T,52.0
2023-03-01,87T,55.0
2023-03-02,87T,49.0
2023-03-03,87T,50.0
2023-03-04,87T,62.0
2023-03-05,87T,58.0
2023-03-06,87T,67.0
2023-03-07,87T,66.0
2023-03-08,87T,61.0
2023-03-09,87T,42.0
2023-03-10,87T,36.0
2023-03-11,87T,31.0
2023-03-12,87T,31.0
2023-03-13,87T,35.0
2023-03-14,87T,39.0
2023-03-15,87T,41.0
2023-03-16,87T,20.0
2023-03-17,87T,23.0
2023-03-18,87T,14.0
2023-03-19,87T,20.0
2023-03-20,87T,19.0
2023-03-21,87T,17.0
2023-03-22,87T,19.0
2023-03-23,87T,11.0
2023-03-24,87T,10.0
2023-03-25,87T,9.0
2023-03-26,87T,11.0
2023-03-27,87T,17.0
2023-03-28,87T,15.0
2023-03-29,87T,13.0
2023-03-30,87T,15.0
2023-03-31,87T,14.0
2023-04-01,87T,15.0
2023-04-02,87T,18.0
2023-04-03,87T,20.0
2023-04-04,87T,16.0
2023-04-05,87T,21.0
2023-04-06,87T,22.0
2023-04-07,87T,19.0
2023-04-08,87T,16.0
2023-04-09,87T,20.0
2023-04-10,87T,18.0
2023-04-11,87T,23.0
2023-04-12,87T,30.0
2023-04-13,87T,29.0
2023-04-14,87T,30.0
2023-04-15,87T,44.0
2023-04-16,87T,17.0
2023-04-17,87T,32.0
2023-04-18,87T,32.0
2023-04-19,87T,23.0
2023-04-20,87T,30.0
2023-04-21,87T,42.0
2023-04-22,87T,42.0
2023-04-23,87T,26.0
2023-04-24,87T,16.0
2023-04-25,87T,15.0
2023-04-26,87T,14.0
2023-04-27,87T,17.0
2023-04-28,87T,19.0
2023-04-29,87T,18.0
2023-04-30,87T,16.0
2023-02-01,100T,41.0
2023-02-02,100T,48.0
2023-02-03,100T,36.0
2023-02-04,100T,13.0
2023-02-05,100T,17.0
2023-02-06,100T,18.0
2023-02-07,100T,13.0
2023-02-08,100T,15.0
2023-02-09,100T,15.0
2023-02-10,100T,14.0
2023-02-11,100T,13.0
2023-02-12,100T,14.0
2023-02-13,100T,16.0
2023-02-14,100T,18.0
2023-02-15,100T,20.0
2023-02-16,100T,20.0
2023-02-17,100T,25.0
2023-02-18,100T,30.0
2023-02-19,100T,38.0
2023-02-20,100T,35.0
2023-02-21,100T,35.0
2023-02-22,100T,37.0
2023-02-23,100T,38.0
2023-02-24,100T,41.0
2023-02-25,100T,44.0
2023-02-26,100T,33.0
2023-02-27,100T,29.0
2023-02-28,100T,34.0
2023-03-01,100T,36.0
2023-03-02,100T,43.0
2023-03-03,100T,36.0
2023-03-04,100T,45.0
2023-03-05,100T,42.0
2023-03-06,100T,51.0
2023-03-07,100T,58.0
2023-03-08,100T,59.0
2023-03-09,100T,46.0
2023-03-10,100T,42.0
2023-03-11,100T,36.0
2023-03-12,100T,32.0
2023-03-13,100T,38.0
2023-03-14,100T,38.0
2023-03-15,100T,39.0
2023-03-16,100T,19.0
2023-03-17,100T,19.0
2023-03-18,100T,16.0
2023-03-19,100T,19.0
2023-03-20,100T,19.0
2023-03-21,100T,19.0
2023-03-22,100T,18.0
2023-03-23,100T,15.0
2023-03-24,100T,11.0
2023-03-25,100T,11.0
2023-03-26,100T,12.0
2023-03-27,100T,16.0
2023-03-28,100T,13.0
2023-03-29,100T,16.0
2023-03-30,100T,15.0
2023-03-31,100T,19.0
2023-04-01,100T,17.0
2023-04-02,100T,22.0
2023-04-03,100T,21.0
2023-04-04,100T,20.0
2023-04-05,100T,22.0
2023-04-06,100T,22.0
2023-04-07,100T,21.0
2023-04-08,100T,23.0
2023-04-09,100T,18.0
2023-04-10,100T,16.0
2023-04-11,100T,20.0
2023-04-12,100T,31.0
2023-04-13,100T,38.0
2023-04-14,100T,39.0
2023-04-15,100T,53.0
2023-04-16,100T,28.0
2023-04-17,100T,46.0
2023-04-18,100T,41.0
2023-04-19,100T,30.0
2023-04-20,100T,41.0
2023-04-21,100T,48.0
2023-04-22,100T,54.0
2023-04-23,100T,37.0
2023-04-24,100T,20.0
2023-04-25,100T,21.0
2023-04-26,100T,15.0
2023-04-27,100T,17.0
2023-04-28,100T,18.0
2023-04-29,100T,21.0
2023-04-30,100T,21.0
2023-02-01,105T,
2023-02-02,105T,
2023-02-03,105T,
2023-02-04,105T,
2023-02-05,105T,
2023-02-06,105T,
2023-02-07,105T,
2023-02-08,105T,
2023-02-09,105T,
2023-02-10,105T,
2023-02-11,105T,
2023-02-12,105T,
2023-02-13,105T,
2023-02-14,105T,
2023-02-15,105T,
2023-02-16,105T,
2023-02-17,105T,
2023-02-18,105T,
2023-02-19,105T,
2023-02-20,105T,
2023-02-21,105T,
2023-02-22,105T,
2023-02-23,105T,
2023-02-24,105T,
2023-02-25,105T,
2023-02-26,105T,
2023-02-27,105T,
2023-02-28,105T,
2023-03-01,105T,
2023-03-02,105T,
2023-03-03,105T,
2023-03-04,105T,
2023-03-05,105T,
2023-03-06,105T,
2023-03-07,105T,
2023-03-08,105T,
2023-03-09,105T,
2023-03-10,105T,
2023-03-11,105T,
2023-03-12,105T,
2023-03-13,105T,
2023-03-14,105T,
2023-03-15,105T,
2023-03-16,105T,
2023-03-17,105T,
2023-03-18,105T,
2023-03-19,105T,
2023-03-20,105T,
2023-03-21,105T,
2023-03-22,105T,
2023-03-23,105T,
2023-03-24,105T,
2023-03-25,105T,
2023-03-26,105T,
2023-03-27,105T,
2023-03-28,105T,
2023-03-29,105T,
2023-03-30,105T,
2023-03-31,105T,
2023-04-01,105T,
2023-04-02,105T,
2023-04-03,105T,
2023-04-04,105T,
2023-04-05,105T,
2023-04-06,105T,
2023-04-07,105T,
2023-04-08,105T,
2023-04-09,105T,
2023-04-10,105T,
2023-04-11,105T,
2023-04-12,105T,
2023-04-13,105T,
2023-04-14,105T,
2023-04-15,105T,
2023-04-16,105T,
2023-04-17,105T,
2023-04-18,105T,
2023-04-19,105T,
2023-04-20,105T,
2023-04-21,105T,
2023-04-22,105T,
2023-04-23,105T,
2023-04-24,105T,
2023-04-25,105T,
2023-04-26,105T,
2023-04-27,105T,
2023-04-28,105T,
2023-04-29,105T,
2023-04-30,105T,
2023-02-01,35T,53.0
2023-02-02,35T,54.0
2023-02-03,35T,63.0
2023-02-04,35T,68.0
2023-02-05,35T,56.0
2023-02-06,35T,31.0
2023-02-07,35T,27.0
2023-02-08,35T,31.0
2023-02-09,35T,44.0
2023-02-10,35T,36.0
2023-02-11,35T,39.0
2023-02-12,35T,48.0
2023-02-13,35T,57.0
2023-02-14,35T,68.0
2023-02-15,35T,100.0
2023-02-16,35T,49.0
2023-02-17,35T,19.0
2023-02-18,35T,18.0
2023-02-19,35T,19.0
2023-02-20,35T,43.0
2023-02-21,35T,57.0
2023-02-22,35T,58.0
2023-02-23,35T,66.0
2023-02-24,35T,43.0
2023-02-25,35T,66.0
2023-02-26,35T,62.0
2023-02-27,35T,62.0
2023-02-28,35T,76.0
2023-03-01,35T,93.0
2023-03-02,35T,93.0
2023-03-03,35T,102.0
2023-03-04,35T,100.0
2023-03-05,35T,93.0
2023-03-06,35T,84.0
2023-03-07,35T,91.0
2023-03-08,35T,90.0
2023-03-09,35T,89.0
2023-03-10,35T,103.0
2023-03-11,35T,103.0
2023-03-12,35T,115.0
2023-03-13,35T,61.0
2023-03-14,35T,51.0
2023-03-15,35T,51.0
2023-03-16,35T,49.0
2023-03-17,35T,39.0
2023-03-18,35T,50.0
2023-03-19,35T,51.0
2023-03-20,35T,43.0
2023-03-21,35T,59.0
2023-03-22,35T,72.0
2023-03-23,35T,74.0
2023-03-24,35T,74.0
2023-03-25,35T,101.0
2023-03-26,35T,119.0
2023-03-27,35T,104.0
2023-03-28,35T,91.0
2023-03-29,35T,141.0
2023-03-30,35T,145.0
2023-03-31,35T,188.0
2023-04-01,35T,202.0
2023-04-02,35T,131.0
2023-04-03,35T,91.0
2023-04-04,35T,105.0
2023-04-05,35T,154.0
2023-04-06,35T,211.0
2023-04-07,35T,220.0
2023-04-08,35T,143.0
2023-04-09,35T,133.0
2023-04-10,35T,109.0
2023-04-11,35T,134.0
2023-04-12,35T,146.0
2023-04-13,35T,128.0
2023-04-14,35T,88.0
2023-04-15,35T,119.0
2023-04-16,35T,128.0
2023-04-17,35T,86.0
2023-04-18,35T,103.0
2023-04-19,35T,92.0
2023-04-20,35T,81.0
2023-04-21,35T,76.0
2023-04-22,35T,77.0
2023-04-23,35T,43.0
2023-04-24,35T,46.0
2023-04-25,35T,48.0
2023-04-26,35T,54.0
2023-04-27,35T,43.0
2023-04-28,35T,44.0
2023-04-29,35T,48.0
2023-04-30,35T,57.0
2023-02-01,36T,66.0
2023-02-02,36T,69.0
2023-02-03,36T,75.0
2023-02-04,36T,76.0
2023-02-05,36T,58.0
2023-02-06,36T,30.0
2023-02-07,36T,27.0
2023-02-08,36T,34.0
2023-02-09,36T,51.0
2023-02-10,36T,42.0
2023-02-11,36T,44.0
2023-02-12,36T,49.0
2023-02-13,36T,59.0
2023-02-14,36T,78.0
2023-02-15,36T,116.0
2023-02-16,36T,49.0
2023-02-17,36T,16.0
2023-02-18,36T,15.0
2023-02-19,36T,19.0
2023-02-20,36T,47.0
2023-02-21,36T,64.0
2023-02-22,36T,55.0
2023-02-23,36T,54.0
2023-02-24,36T,39.0
2023-02-25,36T,58.0
2023-02-26,36T,57.0
2023-02-27,36T,54.0
2023-02-28,36T,68.0
2023-03-01,36T,85.0
2023-03-02,36T,83.0
2023-03-03,36T,93.0
2023-03-04,36T,90.0
2023-03-05,36T,81.0
2023-03-06,36T,72.0
2023-03-07,36T,76.0
2023-03-08,36T,81.0
2023-03-09,36T,75.0
2023-03-10,36T,90.0
2023-03-11,36T,91.0
2023-03-12,36T,100.0
2023-03-13,36T,53.0
2023-03-14,36T,43.0
2023-03-15,36T,41.0
2023-03-16,36T,38.0
2023-03-17,36T,35.0
2023-03-18,36T,47.0
2023-03-19,36T,47.0
2023-03-20,36T,35.0
2023-03-21,36T,52.0
2023-03-22,36T,68.0
2023-03-23,36T,73.0
2023-03-24,36T,72.0
2023-03-25,36T,94.0
2023-03-26,36T,109.0
2023-03-27,36T,101.0
2023-03-28,36T,94.0
2023-03-29,36T,149.0
2023-03-30,36T,140.0
2023-03-31,36T,173.0
2023-04-01,36T,213.0
2023-04-02,36T,137.0
2023-04-03,36T,86.0
2023-04-04,36T,98.0
2023-04-05,36T,143.0
2023-04-06,36T,210.0
2023-04-07,36T,236.0
2023-04-08,36T,160.0
2023-04-09,36T,143.0
2023-04-10,36T,109.0
2023-04-11,36T,135.0
2023-04-12,36T,154.0
2023-04-13,36T,145.0
2023-04-14,36T,92.0
2023-04-15,36T,130.0
2023-04-16,36T,130.0
2023-04-17,36T,83.0
2023-04-18,36T,98.0
2023-04-19,36T,92.0
2023-04-20,36T,82.0
2023-04-21,36T,78.0
2023-04-22,36T,75.0
2023-04-23,36T,39.0
2023-04-24,36T,41.0
2023-04-25,36T,40.0
2023-04-26,36T,50.0
2023-04-27,36T,40.0
2023-04-28,36T,40.0
2023-04-29,36T,49.0
2023-04-30,36T,48.0
2023-02-01,37T,87.0
2023-02-02,37T,80.0
2023-02-03,37T,82.0
2023-02-04,37T,68.0
2023-02-05,37T,52.0
2023-02-06,37T,40.0
2023-02-07,37T,39.0
2023-02-08,37T,65.0
2023-02-09,37T,106.0
2023-02-10,37T,108.0
2023-02-11,37T,113.0
2023-02-12,37T,125.0
2023-02-13,37T,158.0
2023-02-14,37T,211.0
2023-02-15,37T,153.0
2023-02-16,37T,42.0
2023-02-17,37T,23.0
2023-02-18,37T,19.0
2023-02-19,37T,27.0
2023-02-20,37T,57.0
2023-02-21,37T,67.0
2023-02-22,37T,74.0
2023-02-23,37T,72.0
2023-02-24,37T,88.0
2023-02-25,37T,92.0
2023-02-26,37T,59.0
2023-02-27,37T,96.0
2023-02-28,37T,143.0
2023-03-01,37T,155.0
2023-03-02,37T,150.0
2023-03-03,37T,138.0
2023-03-04,37T,132.0
2023-03-05,37T,119.0
2023-03-06,37T,100.0
2023-03-07,37T,84.0
2023-03-08,37T,90.0
2023-03-09,37T,97.0
2023-03-10,37T,101.0
2023-03-11,37T,99.0
2023-03-12,37T,103.0
2023-03-13,37T,64.0
2023-03-14,37T,49.0
2023-03-15,37T,48.0
2023-03-16,37T,53.0
2023-03-17,37T,41.0
2023-03-18,37T,51.0
2023-03-19,37T,34.0
2023-03-20,37T,32.0
2023-03-21,37T,39.0
2023-03-22,37T,42.0
2023-03-23,37T,51.0
2023-03-24,37T,62.0
2023-03-25,37T,129.0
2023-03-26,37T,119.0
2023-03-27,37T,99.0
2023-03-28,37T,121.0
2023-03-29,37T,94.0
2023-03-30,37T,103.0
2023-03-31,37T,148.0
2023-04-01,37T,148.0
2023-04-02,37T,86.0
2023-04-03,37T,64.0
2023-04-04,37T,92.0
2023-04-05,37T,172.0
2023-04-06,37T,185.0
2023-04-07,37T,182.0
2023-04-08,37T,113.0
2023-04-09,37T,80.0
2023-04-10,37T,72.0
2023-04-11,37T,96.0
2023-04-12,37T,133.0
2023-04-13,37T,130.0
2023-04-14,37T,100.0
2023-04-15,37T,122.0
2023-04-16,37T,119.0
2023-04-17,37T,82.0
2023-04-18,37T,89.0
2023-04-19,37T,91.0
2023-04-20,37T,93.0
2023-04-21,37T,91.0
2023-04-22,37T,60.0
2023-04-23,37T,55.0
2023-04-24,37T,37.0
2023-04-25,37T,61.0
2023-04-26,37T,48.0
2023-04-27,37T,30.0
2023-04-28,37T,38.0
2023-04-29,37T,44.0
2023-04-30,37T,34.0
2023-02-01,38T,54.0
2023-02-02,38T,47.0
2023-02-03,38T,52.0
2023-02-04,38T,62.0
2023-02-05,38T,47.0
2023-02-06,38T,34.0
2023-02-07,38T,36.0
2023-02-08,38T,43.0
2023-02-09,38T,59.0
2023-02-10,38T,51.0
2023-02-11,38T,50.0
2023-02-12,38T,58.0
2023-02-13,38T,79.0
2023-02-14,38T,94.0
2023-02-15,38T,115.0
2023-02-16,38T,40.0
2023-02-17,38T,24.0
2023-02-18,38T,15.0
2023-02-19,38T,23.0
2023-02-20,38T,60.0
2023-02-21,38T,53.0
2023-02-22,38T,58.0
2023-02-23,38T,52.0
2023-02-24,38T,62.0
2023-02-25,38T,
2023-02-26,38T,40.0
2023-02-27,38T,69.0
2023-02-28,38T,92.0
2023-03-01,38T,117.0
2023-03-02,38T,115.0
2023-03-03,38T,97.0
2023-03-04,38T,86.0
2023-03-05,38T,89.0
2023-03-06,38T,70.0
2023-03-07,38T,68.0
2023-03-08,38T,67.0
2023-03-09,38T,74.0
2023-03-10,38T,75.0
2023-03-11,38T,74.0
2023-03-12,38T,76.0
2023-03-13,38T,46.0
2023-03-14,38T,38.0
2023-03-15,38T,39.0
2023-03-16,38T,42.0
2023-03-17,38T,37.0
2023-03-18,38T,42.0
2023-03-19,38T,31.0
2023-03-20,38T,26.0
2023-03-21,38T,31.0
2023-03-22,38T,37.0
2023-03-23,38T,36.0
2023-03-24,38T,47.0
2023-03-25,38T,79.0
2023-03-26,38T,84.0
2023-03-27,38T,73.0
2023-03-28,38T,78.0
2023-03-29,38T,59.0
2023-03-30,38T,78.0
2023-03-31,38T,102.0
2023-04-01,38T,96.0
2023-04-02,38T,68.0
2023-04-03,38T,54.0
2023-04-04,38T,72.0
2023-04-05,38T,140.0
2023-04-06,38T,167.0
2023-04-07,38T,151.0
2023-04-08,38T,95.0
2023-04-09,38T,67.0
2023-04-10,38T,73.0
2023-04-11,38T,88.0
2023-04-12,38T,105.0
2023-04-13,38T,110.0
2023-04-14,38T,76.0
2023-04-15,38T,82.0
2023-04-16,38T,86.0
2023-04-17,38T,78.0
2023-04-18,38T,75.0
2023-04-19,38T,75.0
2023-04-20,38T,75.0
2023-04-21,38T,74.0
2023-04-22,38T,52.0
2023-04-23,38T,56.0
2023-04-24,38T,29.0
2023-04-25,38T,41.0
2023-04-26,38T,31.0
2023-04-27,38T,25.0
2023-04-28,38T,31.0
2023-04-29,38T,38.0
2023-04-30,38T,28.0
2023-02-01,39T,53.0
2023-02-02,39T,49.0
2023-02-03,39T,54.0
2023-02-04,39T,60.0
2023-02-05,39T,41.0
2023-02-06,39T,30.0
2023-02-07,39T,32.0
2023-02-08,39T,40.0
2023-02-09,39T,65.0
2023-02-10,39T,58.0
2023-02-11,39T,66.0
2023-02-12,39T,72.0
2023-02-13,39T,99.0
2023-02-14,39T,133.0
2023-02-15,39T,124.0
2023-02-16,39T,36.0
2023-02-17,39T,21.0
2023-02-18,39T,13.0
2023-02-19,39T,20.0
2023-02-20,39T,54.0
2023-02-21,39T,53.0
2023-02-22,39T,56.0
2023-02-23,39T,52.0
2023-02-24,39T,62.0
2023-02-25,39T,64.0
2023-02-26,39T,43.0
2023-02-27,39T,66.0
2023-02-28,39T,89.0
2023-03-01,39T,122.0
2023-03-02,39T,123.0
2023-03-03,39T,99.0
2023-03-04,39T,88.0
2023-03-05,39T,88.0
2023-03-06,39T,72.0
2023-03-07,39T,69.0
2023-03-08,39T,67.0
2023-03-09,39T,76.0
2023-03-10,39T,72.0
2023-03-11,39T,78.0
2023-03-12,39T,76.0
2023-03-13,39T,46.0
2023-03-14,39T,38.0
2023-03-15,39T,38.0
2023-03-16,39T,41.0
2023-03-17,39T,36.0
2023-03-18,39T,38.0
2023-03-19,39T,30.0
2023-03-20,39T,24.0
2023-03-21,39T,30.0
2023-03-22,39T,37.0
2023-03-23,39T,36.0
2023-03-24,39T,45.0
2023-03-25,39T,77.0
2023-03-26,39T,86.0
2023-03-27,39T,74.0
2023-03-28,39T,78.0
2023-03-29,39T,60.0
2023-03-30,39T,78.0
2023-03-31,39T,103.0
2023-04-01,39T,97.0
2023-04-02,39T,68.0
2023-04-03,39T,58.0
2023-04-04,39T,69.0
2023-04-05,39T,144.0
2023-04-06,39T,172.0
2023-04-07,39T,152.0
2023-04-08,39T,102.0
2023-04-09,39T,67.0
2023-04-10,39T,76.0
2023-04-11,39T,91.0
2023-04-12,39T,107.0
2023-04-13,39T,117.0
2023-04-14,39T,77.0
2023-04-15,39T,85.0
2023-04-16,39T,95.0
2023-04-17,39T,75.0
2023-04-18,39T,79.0
2023-04-19,39T,79.0
2023-04-20,39T,76.0
2023-04-21,39T,75.0
2023-04-22,39T,51.0
2023-04-23,39T,55.0
2023-04-24,39T,30.0
2023-04-25,39T,43.0
2023-04-26,39T,31.0
2023-04-27,39T,26.0
2023-04-28,39T,31.0
2023-04-29,39T,39.0
2023-04-30,39T,30.0
2023-02-01,40T,
2023-02-02,40T,
2023-02-03,40T,
2023-02-04,40T,
2023-02-05,40T,
2023-02-06,40T,
2023-02-07,40T,
2023-02-08,40T,39.0
2023-02-09,40T,70.0
2023-02-10,40T,56.0
2023-02-11,40T,56.0
2023-02-12,40T,68.0
2023-02-13,40T,100.0
2023-02-14,40T,128.0
2023-02-15,40T,115.0
2023-02-16,40T,39.0
2023-02-17,40T,24.0
2023-02-18,40T,17.0
2023-02-19,40T,27.0
2023-02-20,40T,61.0
2023-02-21,40T,50.0
2023-02-22,40T,57.0
2023-02-23,40T,53.0
2023-02-24,40T,64.0
2023-02-25,40T,71.0
2023-02-26,40T,44.0
2023-02-27,40T,69.0
2023-02-28,40T,102.0
2023-03-01,40T,121.0
2023-03-02,40T,122.0
2023-03-03,40T,94.0
2023-03-04,40T,83.0
2023-03-05,40T,88.0
2023-03-06,40T,70.0
2023-03-07,40T,65.0
2023-03-08,40T,68.0
2023-03-09,40T,75.0
2023-03-10,40T,76.0
2023-03-11,40T,73.0
2023-03-12,40T,78.0
2023-03-13,40T,50.0
2023-03-14,40T,39.0
2023-03-15,40T,40.0
2023-03-16,40T,45.0
2023-03-17,40T,38.0
2023-03-18,40T,41.0
2023-03-19,40T,32.0
2023-03-20,40T,27.0
2023-03-21,40T,31.0
2023-03-22,40T,38.0
2023-03-23,40T,37.0
2023-03-24,40T,47.0
2023-03-25,40T,81.0
2023-03-26,40T,88.0
2023-03-27,40T,74.0
2023-03-28,40T,79.0
2023-03-29,40T,59.0
2023-03-30,40T,77.0
2023-03-31,40T,107.0
2023-04-01,40T,96.0
2023-04-02,40T,70.0
2023-04-03,40T,55.0
2023-04-04,40T,69.0
2023-04-05,40T,142.0
2023-04-06,40T,168.0
2023-04-07,40T,149.0
2023-04-08,40T,96.0
2023-04-09,40T,68.0
2023-04-10,40T,
2023-04-11,40T,89.0
2023-04-12,40T,105.0
2023-04-13,40T,110.0
2023-04-14,40T,75.0
2023-04-15,40T,81.0
2023-04-16,40T,87.0
2023-04-17,40T,75.0
2023-04-18,40T,74.0
2023-04-19,40T,76.0
2023-04-20,40T,73.0
2023-04-21,40T,73.0
2023-04-22,40T,51.0
2023-04-23,40T,55.0
2023-04-24,40T,31.0
2023-04-25,40T,40.0
2023-04-26,40T,30.0
2023-04-27,40T,26.0
2023-04-28,40T,32.0
2023-04-29,40T,39.0
2023-04-30,40T,30.0
2023-02-01,41T,77.0
2023-02-02,41T,87.0
2023-02-03,41T,85.0
2023-02-04,41T,36.0
2023-02-05,41T,
2023-02-06,41T,34.0
2023-02-07,41T,34.0
2023-02-08,41T,30.0
2023-02-09,41T,29.0
2023-02-10,41T,27.0
2023-02-11,41T,26.0
2023-02-12,41T,31.0
2023-02-13,41T,30.0
2023-02-14,41T,39.0
2023-02-15,41T,42.0
2023-02-16,41T,27.0
2023-02-17,41T,34.0
2023-02-18,41T,37.0
2023-02-19,41T,57.0
2023-02-20,41T,37.0
2023-02-21,41T,37.0
2023-02-22,41T,47.0
2023-02-23,41T,50.0
2023-02-24,41T,51.0
2023-02-25,41T,47.0
2023-02-26,41T,37.0
2023-02-27,41T,45.0
2023-02-28,41T,62.0
2023-03-01,41T,87.0
2023-03-02,41T,67.0
2023-03-03,41T,47.0
2023-03-04,41T,44.0
2023-03-05,41T,48.0
2023-03-06,41T,60.0
2023-03-07,41T,71.0
2023-03-08,41T,80.0
2023-03-09,41T,83.0
2023-03-10,41T,63.0
2023-03-11,41T,72.0
2023-03-12,41T,57.0
2023-03-13,41T,63.0
2023-03-14,41T,51.0
2023-03-15,41T,59.0
2023-03-16,41T,46.0
2023-03-17,41T,40.0
2023-03-18,41T,35.0
2023-03-19,41T,36.0
2023-03-20,41T,42.0
2023-03-21,41T,40.0
2023-03-22,41T,36.0
2023-03-23,41T,39.0
2023-03-24,41T,42.0
2023-03-25,41T,49.0
2023-03-26,41T,45.0
2023-03-27,41T,46.0
2023-03-28,41T,37.0
2023-03-29,41T,31.0
2023-03-30,41T,33.0
2023-03-31,41T,41.0
2023-04-01,41T,42.0
2023-04-02,41T,40.0
2023-04-03,41T,41.0
2023-04-04,41T,62.0
2023-04-05,41T,69.0
2023-04-06,41T,70.0
2023-04-07,41T,72.0
2023-04-08,41T,38.0
2023-04-09,41T,40.0
2023-04-10,41T,40.0
2023-04-11,41T,50.0
2023-04-12,41T,70.0
2023-04-13,41T,63.0
2023-04-14,41T,67.0
2023-04-15,41T,70.0
2023-04-16,41T,78.0
2023-04-17,41T,80.0
2023-04-18,41T,63.0
2023-04-19,41T,55.0
2023-04-20,41T,66.0
2023-04-21,41T,62.0
2023-04-22,41T,69.0
2023-04-23,41T,62.0
2023-04-24,41T,37.0
2023-04-25,41T,45.0
2023-04-26,41T,25.0
2023-04-27,41T,23.0
2023-04-28,41T,29.0
2023-04-29,41T,35.0
2023-04-30,41T,24.0
2023-02-01,57T,69.0
2023-02-02,57T,78.0
2023-02-03,57T,77.0
2023-02-04,57T,67.0
2023-02-05,57T,52.0
2023-02-06,57T,32.0
2023-02-07,57T,37.0
2023-02-08,57T,53.0
2023-02-09,57T,72.0
2023-02-10,57T,71.0
2023-02-11,57T,81.0
2023-02-12,57T,85.0
2023-02-13,57T,83.0
2023-02-14,57T,95.0
2023-02-15,57T,96.0
2023-02-16,57T,45.0
2023-02-17,57T,19.0
2023-02-18,57T,17.0
2023-02-19,57T,20.0
2023-02-20,57T,37.0
2023-02-21,57T,53.0
2023-02-22,57T,52.0
2023-02-23,57T,52.0
2023-02-24,57T,50.0
2023-02-25,57T,49.0
2023-02-26,57T,26.0
2023-02-27,57T,38.0
2023-02-28,57T,56.0
2023-03-01,57T,75.0
2023-03-02,57T,88.0
2023-03-03,57T,90.0
2023-03-04,57T,89.0
2023-03-05,57T,79.0
2023-03-06,57T,79.0
2023-03-07,57T,74.0
2023-03-08,57T,79.0
2023-03-09,57T,86.0
2023-03-10,57T,90.0
2023-03-11,57T,96.0
2023-03-12,57T,109.0
2023-03-13,57T,51.0
2023-03-14,57T,44.0
2023-03-15,57T,35.0
2023-03-16,57T,34.0
2023-03-17,57T,38.0
2023-03-18,57T,44.0
2023-03-19,57T,48.0
2023-03-20,57T,41.0
2023-03-21,57T,42.0
2023-03-22,57T,52.0
2023-03-23,57T,67.0
2023-03-24,57T,117.0
2023-03-25,57T,185.0
2023-03-26,57T,221.0
2023-03-27,57T,374.0
2023-03-28,57T,206.0
2023-03-29,57T,234.0
2023-03-30,57T,246.0
2023-03-31,57T,269.0
2023-04-01,57T,238.0
2023-04-02,57T,150.0
2023-04-03,57T,120.0
2023-04-04,57T,116.0
2023-04-05,57T,131.0
2023-04-06,57T,206.0
2023-04-07,57T,229.0
2023-04-08,57T,209.0
2023-04-09,57T,139.0
2023-04-10,57T,127.0
2023-04-11,57T,149.0
2023-04-12,57T,158.0
2023-04-13,57T,169.0
2023-04-14,57T,148.0
2023-04-15,57T,169.0
2023-04-16,57T,194.0
2023-04-17,57T,132.0
2023-04-18,57T,120.0
2023-04-19,57T,118.0
2023-04-20,57T,118.0
2023-04-21,57T,69.0
2023-04-22,57T,40.0
2023-04-23,57T,35.0
2023-04-24,57T,45.0
2023-04-25,57T,45.0
2023-04-26,57T,37.0
2023-04-27,57T,34.0
2023-04-28,57T,42.0
2023-04-29,57T,52.0
2023-04-30,57T,45.0
2023-02-01,73T,58.0
2023-02-02,73T,68.0
2023-02-03,73T,72.0
2023-02-04,73T,68.0
2023-02-05,73T,56.0
2023-02-06,73T,40.0
2023-02-07,73T,40.0
2023-02-08,73T,48.0
2023-02-09,73T,64.0
2023-02-10,73T,69.0
2023-02-11,73T,80.0
2023-02-12,73T,91.0
2023-02-13,73T,88.0
2023-02-14,73T,95.0
2023-02-15,73T,97.0
2023-02-16,73T,57.0
2023-02-17,73T,32.0
2023-02-18,73T,22.0
2023-02-19,73T,27.0
2023-02-20,73T,39.0
2023-02-21,73T,62.0
2023-02-22,73T,67.0
2023-02-23,73T,68.0
2023-02-24,73T,62.0
2023-02-25,73T,58.0
2023-02-26,73T,35.0
2023-02-27,73T,45.0
2023-02-28,73T,69.0
2023-03-01,73T,83.0
2023-03-02,73T,103.0
2023-03-03,73T,109.0
2023-03-04,73T,105.0
2023-03-05,73T,88.0
2023-03-06,73T,94.0
2023-03-07,73T,95.0
2023-03-08,73T,93.0
2023-03-09,73T,110.0
2023-03-10,73T,107.0
2023-03-11,73T,131.0
2023-03-12,73T,170.0
2023-03-13,73T,74.0
2023-03-14,73T,56.0
2023-03-15,73T,48.0
2023-03-16,73T,41.0
2023-03-17,73T,44.0
2023-03-18,73T,54.0
2023-03-19,73T,74.0
2023-03-20,73T,64.0
2023-03-21,73T,78.0
2023-03-22,73T,111.0
2023-03-23,73T,216.0
2023-03-24,73T,331.0
2023-03-25,73T,407.0
2023-03-26,73T,538.0
2023-03-27,73T,586.0
2023-03-28,73T,376.0
2023-03-29,73T,347.0
2023-03-30,73T,217.0
2023-03-31,73T,311.0
2023-04-01,73T,317.0
2023-04-02,73T,261.0
2023-04-03,73T,142.0
2023-04-04,73T,227.0
2023-04-05,73T,234.0
2023-04-06,73T,362.0
2023-04-07,73T,342.0
2023-04-08,73T,315.0
2023-04-09,73T,197.0
2023-04-10,73T,155.0
2023-04-11,73T,202.0
2023-04-12,73T,259.0
2023-04-13,73T,310.0
2023-04-14,73T,235.0
2023-04-15,73T,238.0
2023-04-16,73T,260.0
2023-04-17,73T,172.0
2023-04-18,73T,134.0
2023-04-19,73T,130.0
2023-04-20,73T,125.0
2023-04-21,73T,82.0
2023-04-22,73T,50.0
2023-04-23,73T,39.0
2023-04-24,73T,51.0
2023-04-25,73T,62.0
2023-04-26,73T,56.0
2023-04-27,73T,43.0
2023-04-28,73T,44.0
2023-04-29,73T,50.0
2023-04-30,73T,46.0
2023-02-01,58T,41.0
2023-02-02,58T,47.0
2023-02-03,58T,42.0
2023-02-04,58T,41.0
2023-02-05,58T,34.0
2023-02-06,58T,30.0
2023-02-07,58T,31.0
2023-02-08,58T,37.0
2023-02-09,58T,39.0
2023-02-10,58T,54.0
2023-02-11,58T,64.0
2023-02-12,58T,78.0
2023-02-13,58T,69.0
2023-02-14,58T,57.0
2023-02-15,58T,70.0
2023-02-16,58T,68.0
2023-02-17,58T,13.0
2023-02-18,58T,9.0
2023-02-19,58T,15.0
2023-02-20,58T,21.0
2023-02-21,58T,27.0
2023-02-22,58T,28.0
2023-02-23,58T,34.0
2023-02-24,58T,36.0
2023-02-25,58T,48.0
2023-02-26,58T,59.0
2023-02-27,58T,66.0
2023-02-28,58T,75.0
2023-03-01,58T,78.0
2023-03-02,58T,79.0
2023-03-03,58T,92.0
2023-03-04,58T,97.0
2023-03-05,58T,103.0
2023-03-06,58T,104.0
2023-03-07,58T,91.0
2023-03-08,58T,91.0
2023-03-09,58T,111.0
2023-03-10,58T,118.0
2023-03-11,58T,142.0
2023-03-12,58T,216.0
2023-03-13,58T,134.0
2023-03-14,58T,53.0
2023-03-15,58T,59.0
2023-03-16,58T,62.0
2023-03-17,58T,60.0
2023-03-18,58T,98.0
2023-03-19,58T,116.0
2023-03-20,58T,104.0
2023-03-21,58T,148.0
2023-03-22,58T,137.0
2023-03-23,58T,144.0
2023-03-24,58T,255.0
2023-03-25,58T,309.0
2023-03-26,58T,244.0
2023-03-27,58T,237.0
2023-03-28,58T,209.0
2023-03-29,58T,263.0
2023-03-30,58T,321.0
2023-03-31,58T,256.0
2023-04-01,58T,233.0
2023-04-02,58T,144.0
2023-04-03,58T,109.0
2023-04-04,58T,147.0
2023-04-05,58T,176.0
2023-04-06,58T,204.0
2023-04-07,58T,203.0
2023-04-08,58T,147.0
2023-04-09,58T,117.0
2023-04-10,58T,108.0
2023-04-11,58T,124.0
2023-04-12,58T,119.0
2023-04-13,58T,104.0
2023-04-14,58T,106.0
2023-04-15,58T,166.0
2023-04-16,58T,214.0
2023-04-17,58T,138.0
2023-04-18,58T,61.0
2023-04-19,58T,59.0
2023-04-20,58T,56.0
2023-04-21,58T,53.0
2023-04-22,58T,50.0
2023-04-23,58T,38.0
2023-04-24,58T,34.0
2023-04-25,58T,34.0
2023-04-26,58T,49.0
2023-04-27,58T,39.0
2023-04-28,58T,36.0
2023-04-29,58T,50.0
2023-04-30,58T,49.0
2023-02-01,67T,74.0
2023-02-02,67T,81.0
2023-02-03,67T,80.0
2023-02-04,67T,63.0
2023-02-05,67T,60.0
2023-02-06,67T,61.0
2023-02-07,67T,51.0
2023-02-08,67T,60.0
2023-02-09,67T,69.0
2023-02-10,67T,74.0
2023-02-11,67T,87.0
2023-02-12,67T,95.0
2023-02-13,67T,132.0
2023-02-14,67T,129.0
2023-02-15,67T,95.0
2023-02-16,67T,68.0
2023-02-17,67T,57.0
2023-02-18,67T,36.0
2023-02-19,67T,45.0
2023-02-20,67T,66.0
2023-02-21,67T,73.0
2023-02-22,67T,77.0
2023-02-23,67T,85.0
2023-02-24,67T,80.0
2023-02-25,67T,65.0
2023-02-26,67T,68.0
2023-02-27,67T,95.0
2023-02-28,67T,108.0
2023-03-01,67T,125.0
2023-03-02,67T,118.0
2023-03-03,67T,105.0
2023-03-04,67T,107.0
2023-03-05,67T,102.0
2023-03-06,67T,94.0
2023-03-07,67T,96.0
2023-03-08,67T,102.0
2023-03-09,67T,111.0
2023-03-10,67T,111.0
2023-03-11,67T,106.0
2023-03-12,67T,111.0
2023-03-13,67T,79.0
2023-03-14,67T,59.0
2023-03-15,67T,60.0
2023-03-16,67T,68.0
2023-03-17,67T,76.0
2023-03-18,67T,74.0
2023-03-19,67T,60.0
2023-03-20,67T,66.0
2023-03-21,67T,75.0
2023-03-22,67T,78.0
2023-03-23,67T,79.0
2023-03-24,67T,106.0
2023-03-25,67T,135.0
2023-03-26,67T,193.0
2023-03-27,67T,177.0
2023-03-28,67T,133.0
2023-03-29,67T,92.0
2023-03-30,67T,112.0
2023-03-31,67T,152.0
2023-04-01,67T,155.0
2023-04-02,67T,91.0
2023-04-03,67T,91.0
2023-04-04,67T,113.0
2023-04-05,67T,183.0
2023-04-06,67T,220.0
2023-04-07,67T,214.0
2023-04-08,67T,126.0
2023-04-09,67T,91.0
2023-04-10,67T,83.0
2023-04-11,67T,97.0
2023-04-12,67T,128.0
2023-04-13,67T,130.0
2023-04-14,67T,105.0
2023-04-15,67T,117.0
2023-04-16,67T,114.0
2023-04-17,67T,92.0
2023-04-18,67T,95.0
2023-04-19,67T,97.0
2023-04-20,67T,102.0
2023-04-21,67T,78.0
2023-04-22,67T,73.0
2023-04-23,67T,75.0
2023-04-24,67T,60.0
2023-04-25,67T,62.0
2023-04-26,67T,60.0
2023-04-27,67T,53.0
2023-04-28,67T,52.0
2023-04-29,67T,61.0
2023-04-30,67T,49.0
2023-02-01,75T,60.0
2023-02-02,75T,55.0
2023-02-03,75T,59.0
2023-02-04,75T,53.0
2023-02-05,75T,46.0
2023-02-06,75T,27.0
2023-02-07,75T,26.0
2023-02-08,75T,32.0
2023-02-09,75T,45.0
2023-02-10,75T,57.0
2023-02-11,75T,56.0
2023-02-12,75T,82.0
2023-02-13,75T,91.0
2023-02-14,75T,112.0
2023-02-15,75T,87.0
2023-02-16,75T,49.0
2023-02-17,75T,35.0
2023-02-18,75T,20.0
2023-02-19,75T,23.0
2023-02-20,75T,39.0
2023-02-21,75T,55.0
2023-02-22,75T,58.0
2023-02-23,75T,56.0
2023-02-24,75T,58.0
2023-02-25,75T,52.0
2023-02-26,75T,38.0
2023-02-27,75T,70.0
2023-02-28,75T,87.0
2023-03-01,75T,110.0
2023-03-02,75T,101.0
2023-03-03,75T,103.0
2023-03-04,75T,107.0
2023-03-05,75T,102.0
2023-03-06,75T,90.0
2023-03-07,75T,84.0
2023-03-08,75T,88.0
2023-03-09,75T,110.0
2023-03-10,75T,108.0
2023-03-11,75T,101.0
2023-03-12,75T,159.0
2023-03-13,75T,44.0
2023-03-14,75T,43.0
2023-03-15,75T,45.0
2023-03-16,75T,55.0
2023-03-17,75T,70.0
2023-03-18,75T,68.0
2023-03-19,75T,36.0
2023-03-20,75T,47.0
2023-03-21,75T,49.0
2023-03-22,75T,63.0
2023-03-23,75T,87.0
2023-03-24,75T,157.0
2023-03-25,75T,227.0
2023-03-26,75T,280.0
2023-03-27,75T,237.0
2023-03-28,75T,213.0
2023-03-29,75T,154.0
2023-03-30,75T,232.0
2023-03-31,75T,231.0
2023-04-01,75T,241.0
2023-04-02,75T,161.0
2023-04-03,75T,184.0
2023-04-04,75T,216.0
2023-04-05,75T,268.0
2023-04-06,75T,369.0
2023-04-07,75T,352.0
2023-04-08,75T,196.0
2023-04-09,75T,160.0
2023-04-10,75T,119.0
2023-04-11,75T,131.0
2023-04-12,75T,150.0
2023-04-13,75T,185.0
2023-04-14,75T,139.0
2023-04-15,75T,161.0
2023-04-16,75T,170.0
2023-04-17,75T,93.0
2023-04-18,75T,92.0
2023-04-19,75T,89.0
2023-04-20,75T,108.0
2023-04-21,75T,82.0
2023-04-22,75T,49.0
2023-04-23,75T,48.0
2023-04-24,75T,41.0
2023-04-25,75T,51.0
2023-04-26,75T,51.0
2023-04-27,75T,29.0
2023-04-28,75T,34.0
2023-04-29,75T,41.0
2023-04-30,75T,20.0
2023-02-01,68T,
2023-02-02,68T,
2023-02-03,68T,
2023-02-04,68T,
2023-02-05,68T,
2023-02-06,68T,
2023-02-07,68T,39.0
2023-02-08,68T,50.0
2023-02-09,68T,82.0
2023-02-10,68T,67.0
2023-02-11,68T,66.0
2023-02-12,68T,84.0
2023-02-13,68T,101.0
2023-02-14,68T,133.0
2023-02-15,68T,124.0
2023-02-16,68T,50.0
2023-02-17,68T,15.0
2023-02-18,68T,16.0
2023-02-19,68T,21.0
2023-02-20,68T,43.0
2023-02-21,68T,55.0
2023-02-22,68T,61.0
2023-02-23,68T,67.0
2023-02-24,68T,59.0
2023-02-25,68T,75.0
2023-02-26,68T,63.0
2023-02-27,68T,80.0
2023-02-28,68T,104.0
2023-03-01,68T,115.0
2023-03-02,68T,117.0
2023-03-03,68T,123.0
2023-03-04,68T,111.0
2023-03-05,68T,99.0
2023-03-06,68T,90.0
2023-03-07,68T,85.0
2023-03-08,68T,86.0
2023-03-09,68T,96.0
2023-03-10,68T,94.0
2023-03-11,68T,103.0
2023-03-12,68T,107.0
2023-03-13,68T,55.0
2023-03-14,68T,47.0
2023-03-15,68T,45.0
2023-03-16,68T,43.0
2023-03-17,68T,34.0
2023-03-18,68T,41.0
2023-03-19,68T,40.0
2023-03-20,68T,32.0
2023-03-21,68T,46.0
2023-03-22,68T,61.0
2023-03-23,68T,60.0
2023-03-24,68T,56.0
2023-03-25,68T,91.0
2023-03-26,68T,98.0
2023-03-27,68T,89.0
2023-03-28,68T,97.0
2023-03-29,68T,101.0
2023-03-30,68T,100.0
2023-03-31,68T,124.0
2023-04-01,68T,143.0
2023-04-02,68T,96.0
2023-04-03,68T,66.0
2023-04-04,68T,72.0
2023-04-05,68T,115.0
2023-04-06,68T,161.0
2023-04-07,68T,171.0
2023-04-08,68T,103.0
2023-04-09,68T,101.0
2023-04-10,68T,78.0
2023-04-11,68T,87.0
2023-04-12,68T,115.0
2023-04-13,68T,106.0
2023-04-14,68T,77.0
2023-04-15,68T,103.0
2023-04-16,68T,94.0
2023-04-17,68T,62.0
2023-04-18,68T,69.0
2023-04-19,68T,70.0
2023-04-20,68T,69.0
2023-04-21,68T,66.0
2023-04-22,68T,62.0
2023-04-23,68T,38.0
2023-04-24,68T,36.0
2023-04-25,68T,40.0
2023-04-26,68T,45.0
2023-04-27,68T,35.0
2023-04-28,68T,35.0
2023-04-29,68T,40.0
2023-04-30,68T,37.0
2023-02-01,69T,74.0
2023-02-02,69T,64.0
2023-02-03,69T,68.0
2023-02-04,69T,65.0
2023-02-05,69T,39.0
2023-02-06,69T,33.0
2023-02-07,69T,31.0
2023-02-08,69T,30.0
2023-02-09,69T,76.0
2023-02-10,69T,74.0
2023-02-11,69T,68.0
2023-02-12,69T,68.0
2023-02-13,69T,90.0
2023-02-14,69T,95.0
2023-02-15,69T,97.0
2023-02-16,69T,41.0
2023-02-17,69T,40.0
2023-02-18,69T,36.0
2023-02-19,69T,59.0
2023-02-20,69T,77.0
2023-02-21,69T,75.0
2023-02-22,69T,95.0
2023-02-23,69T,82.0
2023-02-24,69T,92.0
2023-02-25,69T,75.0
2023-02-26,69T,61.0
2023-02-27,69T,86.0
2023-02-28,69T,132.0
2023-03-01,69T,141.0
2023-03-02,69T,140.0
2023-03-03,69T,106.0
2023-03-04,69T,100.0
2023-03-05,69T,84.0
2023-03-06,69T,85.0
2023-03-07,69T,80.0
2023-03-08,69T,82.0
2023-03-09,69T,92.0
2023-03-10,69T,88.0
2023-03-11,69T,82.0
2023-03-12,69T,87.0
2023-03-13,69T,63.0
2023-03-14,69T,45.0
2023-03-15,69T,44.0
2023-03-16,69T,50.0
2023-03-17,69T,56.0
2023-03-18,69T,53.0
2023-03-19,69T,43.0
2023-03-20,69T,44.0
2023-03-21,69T,59.0
2023-03-22,69T,53.0
2023-03-23,69T,57.0
2023-03-24,69T,71.0
2023-03-25,69T,90.0
2023-03-26,69T,125.0
2023-03-27,69T,112.0
2023-03-28,69T,91.0
2023-03-29,69T,53.0
2023-03-30,69T,60.0
2023-03-31,69T,78.0
2023-04-01,69T,123.0
2023-04-02,69T,66.0
2023-04-03,69T,62.0
2023-04-04,69T,88.0
2023-04-05,69T,149.0
2023-04-06,69T,150.0
2023-04-07,69T,124.0
2023-04-08,69T,82.0
2023-04-09,69T,53.0
2023-04-10,69T,63.0
2023-04-11,69T,69.0
2023-04-12,69T,89.0
2023-04-13,69T,85.0
2023-04-14,69T,71.0
2023-04-15,69T,80.0
2023-04-16,69T,84.0
2023-04-17,69T,81.0
2023-04-18,69T,78.0
2023-04-19,69T,71.0
2023-04-20,69T,77.0
2023-04-21,69T,72.0
2023-04-22,69T,52.0
2023-04-23,69T,53.0
2023-04-24,69T,36.0
2023-04-25,69T,43.0
2023-04-26,69T,36.0
2023-04-27,69T,29.0
2023-04-28,69T,33.0
2023-04-29,69T,46.0
2023-04-30,69T,25.0
2023-02-01,70T,
2023-02-02,70T,78.0
2023-02-03,70T,76.0
2023-02-04,70T,74.0
2023-02-05,70T,53.0
2023-02-06,70T,37.0
2023-02-07,70T,39.0
2023-02-08,70T,56.0
2023-02-09,70T,82.0
2023-02-10,70T,70.0
2023-02-11,70T,93.0
2023-02-12,70T,129.0
2023-02-13,70T,164.0
2023-02-14,70T,150.0
2023-02-15,70T,127.0
2023-02-16,70T,49.0
2023-02-17,70T,24.0
2023-02-18,70T,22.0
2023-02-19,70T,21.0
2023-02-20,70T,43.0
2023-02-21,70T,82.0
2023-02-22,70T,80.0
2023-02-23,70T,76.0
2023-02-24,70T,67.0
2023-02-25,70T,70.0
2023-02-26,70T,58.0
2023-02-27,70T,54.0
2023-02-28,70T,78.0
2023-03-01,70T,100.0
2023-03-02,70T,97.0
2023-03-03,70T,125.0
2023-03-04,70T,108.0
2023-03-05,70T,90.0
2023-03-06,70T,94.0
2023-03-07,70T,89.0
2023-03-08,70T,90.0
2023-03-09,70T,100.0
2023-03-10,70T,102.0
2023-03-11,70T,106.0
2023-03-12,70T,111.0
2023-03-13,70T,55.0
2023-03-14,70T,46.0
2023-03-15,70T,46.0
2023-03-16,70T,44.0
2023-03-17,70T,45.0
2023-03-18,70T,52.0
2023-03-19,70T,45.0
2023-03-20,70T,39.0
2023-03-21,70T,45.0
2023-03-22,70T,58.0
2023-03-23,70T,73.0
2023-03-24,70T,104.0
2023-03-25,70T,162.0
2023-03-26,70T,158.0
2023-03-27,70T,163.0
2023-03-28,70T,152.0
2023-03-29,70T,
2023-03-30,70T,
2023-03-31,70T,203.0
2023-04-01,70T,192.0
2023-04-02,70T,95.0
2023-04-03,70T,106.0
2023-04-04,70T,116.0
2023-04-05,70T,178.0
2023-04-06,70T,241.0
2023-04-07,70T,242.0
2023-04-08,70T,125.0
2023-04-09,70T,87.0
2023-04-10,70T,79.0
2023-04-11,70T,109.0
2023-04-12,70T,126.0
2023-04-13,70T,142.0
2023-04-14,70T,118.0
2023-04-15,70T,139.0
2023-04-16,70T,137.0
2023-04-17,70T,94.0
2023-04-18,70T,88.0
2023-04-19,70T,96.0
2023-04-20,70T,83.0
2023-04-21,70T,72.0
2023-04-22,70T,52.0
2023-04-23,70T,45.0
2023-04-24,70T,42.0
2023-04-25,70T,51.0
2023-04-26,70T,41.0
2023-04-27,70T,35.0
2023-04-28,70T,40.0
2023-04-29,70T,45.0
2023-04-30,70T,32.0
2023-02-01,76T,79.0
2023-02-02,76T,
2023-02-03,76T,82.0
2023-02-04,76T,78.0
2023-02-05,76T,47.0
2023-02-06,76T,46.0
2023-02-07,76T,43.0
2023-02-08,76T,58.0
2023-02-09,76T,73.0
2023-02-10,76T,65.0
2023-02-11,76T,72.0
2023-02-12,76T,72.0
2023-02-13,76T,71.0
2023-02-14,76T,76.0
2023-02-15,76T,103.0
2023-02-16,76T,54.0
2023-02-17,76T,44.0
2023-02-18,76T,37.0
2023-02-19,76T,48.0
2023-02-20,76T,102.0
2023-02-21,76T,111.0
2023-02-22,76T,93.0
2023-02-23,76T,109.0
2023-02-24,76T,103.0
2023-02-25,76T,103.0
2023-02-26,76T,81.0
2023-02-27,76T,104.0
2023-02-28,76T,164.0
2023-03-01,76T,
2023-03-02,76T,
2023-03-03,76T,159.0
2023-03-04,76T,164.0
2023-03-05,76T,114.0
2023-03-06,76T,123.0
2023-03-07,76T,108.0
2023-03-08,76T,109.0
2023-03-09,76T,119.0
2023-03-10,76T,118.0
2023-03-11,76T,109.0
2023-03-12,76T,98.0
2023-03-13,76T,64.0
2023-03-14,76T,55.0
2023-03-15,76T,62.0
2023-03-16,76T,67.0
2023-03-17,76T,62.0
2023-03-18,76T,56.0
2023-03-19,76T,50.0
2023-03-20,76T,42.0
2023-03-21,76T,43.0
2023-03-22,76T,48.0
2023-03-23,76T,58.0
2023-03-24,76T,48.0
2023-03-25,76T,53.0
2023-03-26,76T,67.0
2023-03-27,76T,54.0
2023-03-28,76T,58.0
2023-03-29,76T,55.0
2023-03-30,76T,56.0
2023-03-31,76T,82.0
2023-04-01,76T,61.0
2023-04-02,76T,56.0
2023-04-03,76T,46.0
2023-04-04,76T,51.0
2023-04-05,76T,52.0
2023-04-06,76T,59.0
2023-04-07,76T,62.0
2023-04-08,76T,56.0
2023-04-09,76T,66.0
2023-04-10,76T,49.0
2023-04-11,76T,
2023-04-12,76T,75.0
2023-04-13,76T,66.0
2023-04-14,76T,69.0
2023-04-15,76T,69.0
2023-04-16,76T,48.0
2023-04-17,76T,48.0
2023-04-18,76T,48.0
2023-04-19,76T,53.0
2023-04-20,76T,57.0
2023-04-21,76T,57.0
2023-04-22,76T,56.0
2023-04-23,76T,43.0
2023-04-24,76T,37.0
2023-04-25,76T,45.0
2023-04-26,76T,44.0
2023-04-27,76T,41.0
2023-04-28,76T,33.0
2023-04-29,76T,36.0
2023-04-30,76T,34.0
2023-02-01,86T,98.0
2023-02-02,86T,148.0
2023-02-03,86T,140.0
2023-02-04,86T,73.0
2023-02-05,86T,42.0
2023-02-06,86T,46.0
2023-02-07,86T,49.0
2023-02-08,86T,49.0
2023-02-09,86T,50.0
2023-02-10,86T,46.0
2023-02-11,86T,49.0
2023-02-12,86T,48.0
2023-02-13,86T,63.0
2023-02-14,86T,82.0
2023-02-15,86T,75.0
2023-02-16,86T,46.0
2023-02-17,86T,58.0
2023-02-18,86T,85.0
2023-02-19,86T,136.0
2023-02-20,86T,90.0
2023-02-21,86T,95.0
2023-02-22,86T,92.0
2023-02-23,86T,104.0
2023-02-24,86T,95.0
2023-02-25,86T,70.0
2023-02-26,86T,74.0
2023-02-27,86T,86.0
2023-02-28,86T,138.0
2023-03-01,86T,184.0
2023-03-02,86T,182.0
2023-03-03,86T,134.0
2023-03-04,86T,139.0
2023-03-05,86T,116.0
2023-03-06,86T,114.0
2023-03-07,86T,109.0
2023-03-08,86T,107.0
2023-03-09,86T,120.0
2023-03-10,86T,105.0
2023-03-11,86T,111.0
2023-03-12,86T,102.0
2023-03-13,86T,
2023-03-14,86T,63.0
2023-03-15,86T,70.0
2023-03-16,86T,69.0
2023-03-17,86T,70.0
2023-03-18,86T,46.0
2023-03-19,86T,50.0
2023-03-20,86T,48.0
2023-03-21,86T,52.0
2023-03-22,86T,47.0
2023-03-23,86T,49.0
2023-03-24,86T,54.0
2023-03-25,86T,60.0
2023-03-26,86T,56.0
2023-03-27,86T,84.0
2023-03-28,86T,49.0
2023-03-29,86T,43.0
2023-03-30,86T,49.0
2023-03-31,86T,62.0
2023-04-01,86T,74.0
2023-04-02,86T,57.0
2023-04-03,86T,52.0
2023-04-04,86T,66.0
2023-04-05,86T,94.0
2023-04-06,86T,96.0
2023-04-07,86T,103.0
2023-04-08,86T,62.0
2023-04-09,86T,58.0
2023-04-10,86T,77.0
2023-04-11,86T,82.0
2023-04-12,86T,112.0
2023-04-13,86T,103.0
2023-04-14,86T,89.0
2023-04-15,86T,102.0
2023-04-16,86T,108.0
2023-04-17,86T,104.0
2023-04-18,86T,100.0
2023-04-19,86T,87.0
2023-04-20,86T,102.0
2023-04-21,86T,122.0
2023-04-22,86T,105.0
2023-04-23,86T,73.0
2023-04-24,86T,33.0
2023-04-25,86T,58.0
2023-04-26,86T,44.0
2023-04-27,86T,38.0
2023-04-28,86T,38.0
2023-04-29,86T,49.0
2023-04-30,86T,24.0
2023-02-01,92T,74.0
2023-02-02,92T,73.0
2023-02-03,92T,74.0
2023-02-04,92T,66.0
2023-02-05,92T,41.0
2023-02-06,92T,42.0
2023-02-07,92T,43.0
2023-02-08,92T,38.0
2023-02-09,92T,47.0
2023-02-10,92T,46.0
2023-02-11,92T,45.0
2023-02-12,92T,50.0
2023-02-13,92T,59.0
2023-02-14,92T,54.0
2023-02-15,92T,63.0
2023-02-16,92T,41.0
2023-02-17,92T,44.0
2023-02-18,92T,40.0
2023-02-19,92T,47.0
2023-02-20,92T,62.0
2023-02-21,92T,71.0
2023-02-22,92T,68.0
2023-02-23,92T,69.0
2023-02-24,92T,76.0
2023-02-25,92T,67.0
2023-02-26,92T,64.0
2023-02-27,92T,76.0
2023-02-28,92T,91.0
2023-03-01,92T,124.0
2023-03-02,92T,130.0
2023-03-03,92T,111.0
2023-03-04,92T,108.0
2023-03-05,92T,83.0
2023-03-06,92T,80.0
2023-03-07,92T,86.0
2023-03-08,92T,84.0
2023-03-09,92T,91.0
2023-03-10,92T,85.0
2023-03-11,92T,83.0
2023-03-12,92T,83.0
2023-03-13,92T,62.0
2023-03-14,92T,47.0
2023-03-15,92T,48.0
2023-03-16,92T,53.0
2023-03-17,92T,61.0
2023-03-18,92T,55.0
2023-03-19,92T,46.0
2023-03-20,92T,39.0
2023-03-21,92T,52.0
2023-03-22,92T,47.0
2023-03-23,92T,50.0
2023-03-24,92T,46.0
2023-03-25,92T,50.0
2023-03-26,92T,63.0
2023-03-27,92T,66.0
2023-03-28,92T,60.0
2023-03-29,92T,47.0
2023-03-30,92T,54.0
2023-03-31,92T,57.0
2023-04-01,92T,63.0
2023-04-02,92T,58.0
2023-04-03,92T,57.0
2023-04-04,92T,58.0
2023-04-05,92T,84.0
2023-04-06,92T,92.0
2023-04-07,92T,94.0
2023-04-08,92T,83.0
2023-04-09,92T,46.0
2023-04-10,92T,60.0
2023-04-11,92T,56.0
2023-04-12,92T,72.0
2023-04-13,92T,81.0
2023-04-14,92T,74.0
2023-04-15,92T,75.0
2023-04-16,92T,83.0
2023-04-17,92T,84.0
2023-04-18,92T,79.0
2023-04-19,92T,75.0
2023-04-20,92T,82.0
2023-04-21,92T,76.0
2023-04-22,92T,65.0
2023-04-23,92T,63.0
2023-04-24,92T,41.0
2023-04-25,92T,48.0
2023-04-26,92T,38.0
2023-04-27,92T,29.0
2023-04-28,92T,38.0
2023-04-29,92T,46.0
2023-04-30,92T,25.0
2023-02-01,94T,60.0
2023-02-02,94T,58.0
2023-02-03,94T,53.0
2023-02-04,94T,68.0
2023-02-05,94T,39.0
2023-02-06,94T,43.0
2023-02-07,94T,40.0
2023-02-08,94T,35.0
2023-02-09,94T,44.0
2023-02-10,94T,49.0
2023-02-11,94T,47.0
2023-02-12,94T,55.0
2023-02-13,94T,66.0
2023-02-14,94T,58.0
2023-02-15,94T,85.0
2023-02-16,94T,32.0
2023-02-17,94T,47.0
2023-02-18,94T,25.0
2023-02-19,94T,49.0
2023-02-20,94T,60.0
2023-02-21,94T,47.0
2023-02-22,94T,74.0
2023-02-23,94T,67.0
2023-02-24,94T,86.0
2023-02-25,94T,56.0
2023-02-26,94T,47.0
2023-02-27,94T,63.0
2023-02-28,94T,86.0
2023-03-01,94T,125.0
2023-03-02,94T,116.0
2023-03-03,94T,89.0
2023-03-04,94T,90.0
2023-03-05,94T,77.0
2023-03-06,94T,83.0
2023-03-07,94T,84.0
2023-03-08,94T,93.0
2023-03-09,94T,90.0
2023-03-10,94T,86.0
2023-03-11,94T,92.0
2023-03-12,94T,88.0
2023-03-13,94T,56.0
2023-03-14,94T,49.0
2023-03-15,94T,57.0
2023-03-16,94T,68.0
2023-03-17,94T,62.0
2023-03-18,94T,61.0
2023-03-19,94T,53.0
2023-03-20,94T,38.0
2023-03-21,94T,44.0
2023-03-22,94T,40.0
2023-03-23,94T,48.0
2023-03-24,94T,47.0
2023-03-25,94T,61.0
2023-03-26,94T,87.0
2023-03-27,94T,83.0
2023-03-28,94T,63.0
2023-03-29,94T,48.0
2023-03-30,94T,42.0
2023-03-31,94T,56.0
2023-04-01,94T,66.0
2023-04-02,94T,64.0
2023-04-03,94T,59.0
2023-04-04,94T,68.0
2023-04-05,94T,72.0
2023-04-06,94T,76.0
2023-04-07,94T,102.0
2023-04-08,94T,72.0
2023-04-09,94T,61.0
2023-04-10,94T,67.0
2023-04-11,94T,72.0
2023-04-12,94T,88.0
2023-04-13,94T,87.0
2023-04-14,94T,77.0
2023-04-15,94T,85.0
2023-04-16,94T,81.0
2023-04-17,94T,80.0
2023-04-18,94T,73.0
2023-04-19,94T,69.0
2023-04-20,94T,70.0
2023-04-21,94T,73.0
2023-04-22,94T,69.0
2023-04-23,94T,56.0
2023-04-24,94T,37.0
2023-04-25,94T,49.0
2023-04-26,94T,36.0
2023-04-27,94T,25.0
2023-04-28,94T,33.0
2023-04-29,94T,35.0
2023-04-30,94T,29.0
2023-02-01,95T,79.0
2023-02-02,95T,85.0
2023-02-03,95T,77.0
2023-02-04,95T,35.0
2023-02-05,95T,24.0
2023-02-06,95T,32.0
2023-02-07,95T,37.0
2023-02-08,95T,31.0
2023-02-09,95T,29.0
2023-02-10,95T,31.0
2023-02-11,95T,30.0
2023-02-12,95T,33.0
2023-02-13,95T,37.0
2023-02-14,95T,40.0
2023-02-15,95T,39.0
2023-02-16,95T,24.0
2023-02-17,95T,35.0
2023-02-18,95T,35.0
2023-02-19,95T,59.0
2023-02-20,95T,47.0
2023-02-21,95T,53.0
2023-02-22,95T,51.0
2023-02-23,95T,53.0
2023-02-24,95T,57.0
2023-02-25,95T,42.0
2023-02-26,95T,37.0
2023-02-27,95T,51.0
2023-02-28,95T,67.0
2023-03-01,95T,70.0
2023-03-02,95T,81.0
2023-03-03,95T,65.0
2023-03-04,95T,75.0
2023-03-05,95T,73.0
2023-03-06,95T,70.0
2023-03-07,95T,74.0
2023-03-08,95T,73.0
2023-03-09,95T,83.0
2023-03-10,95T,68.0
2023-03-11,95T,76.0
2023-03-12,95T,66.0
2023-03-13,95T,64.0
2023-03-14,95T,48.0
2023-03-15,95T,56.0
2023-03-16,95T,51.0
2023-03-17,95T,47.0
2023-03-18,95T,42.0
2023-03-19,95T,47.0
2023-03-20,95T,46.0
2023-03-21,95T,48.0
2023-03-22,95T,41.0
2023-03-23,95T,50.0
2023-03-24,95T,44.0
2023-03-25,95T,61.0
2023-03-26,95T,46.0
2023-03-27,95T,65.0
2023-03-28,95T,42.0
2023-03-29,95T,33.0
2023-03-30,95T,44.0
2023-03-31,95T,51.0
2023-04-01,95T,55.0
2023-04-02,95T,47.0
2023-04-03,95T,49.0
2023-04-04,95T,67.0
2023-04-05,95T,73.0
2023-04-06,95T,72.0
2023-04-07,95T,70.0
2023-04-08,95T,48.0
2023-04-09,95T,30.0
2023-04-10,95T,46.0
2023-04-11,95T,51.0
2023-04-12,95T,71.0
2023-04-13,95T,62.0
2023-04-14,95T,64.0
2023-04-15,95T,76.0
2023-04-16,95T,80.0
2023-04-17,95T,76.0
2023-04-18,95T,71.0
2023-04-19,95T,65.0
2023-04-20,95T,72.0
2023-04-21,95T,81.0
2023-04-22,95T,66.0
2023-04-23,95T,61.0
2023-04-24,95T,34.0
2023-04-25,95T,45.0
2023-04-26,95T,30.0
2023-04-27,95T,27.0
2023-04-28,95T,27.0
2023-04-29,95T,37.0
2023-04-30,95T,19.0
2023-02-01,96T,96.0
2023-02-02,96T,137.0
2023-02-03,96T,133.0
2023-02-04,96T,117.0
2023-02-05,96T,57.0
2023-02-06,96T,66.0
2023-02-07,96T,76.0
2023-02-08,96T,60.0
2023-02-09,96T,80.0
2023-02-10,96T,66.0
2023-02-11,96T,71.0
2023-02-12,96T,92.0
2023-02-13,96T,113.0
2023-02-14,96T,103.0
2023-02-15,96T,96.0
2023-02-16,96T,58.0
2023-02-17,96T,71.0
2023-02-18,96T,52.0
2023-02-19,96T,96.0
2023-02-20,96T,103.0
2023-02-21,96T,98.0
2023-02-22,96T,114.0
2023-02-23,96T,115.0
2023-02-24,96T,137.0
2023-02-25,96T,107.0
2023-02-26,96T,73.0
2023-02-27,96T,110.0
2023-02-28,96T,188.0
2023-03-01,96T,228.0
2023-03-02,96T,187.0
2023-03-03,96T,150.0
2023-03-04,96T,148.0
2023-03-05,96T,135.0
2023-03-06,96T,133.0
2023-03-07,96T,133.0
2023-03-08,96T,137.0
2023-03-09,96T,147.0
2023-03-10,96T,134.0
2023-03-11,96T,151.0
2023-03-12,96T,128.0
2023-03-13,96T,78.0
2023-03-14,96T,68.0
2023-03-15,96T,80.0
2023-03-16,96T,92.0
2023-03-17,96T,78.0
2023-03-18,96T,70.0
2023-03-19,96T,43.0
2023-03-20,96T,54.0
2023-03-21,96T,60.0
2023-03-22,96T,37.0
2023-03-23,96T,37.0
2023-03-24,96T,39.0
2023-03-25,96T,59.0
2023-03-26,96T,62.0
2023-03-27,96T,84.0
2023-03-28,96T,61.0
2023-03-29,96T,53.0
2023-03-30,96T,45.0
2023-03-31,96T,68.0
2023-04-01,96T,75.0
2023-04-02,96T,53.0
2023-04-03,96T,38.0
2023-04-04,96T,43.0
2023-04-05,96T,66.0
2023-04-06,96T,103.0
2023-04-07,96T,121.0
2023-04-08,96T,71.0
2023-04-09,96T,41.0
2023-04-10,96T,86.0
2023-04-11,96T,66.0
2023-04-12,96T,97.0
2023-04-13,96T,80.0
2023-04-14,96T,78.0
2023-04-15,96T,83.0
2023-04-16,96T,83.0
2023-04-17,96T,75.0
2023-04-18,96T,76.0
2023-04-19,96T,62.0
2023-04-20,96T,56.0
2023-04-21,96T,68.0
2023-04-22,96T,65.0
2023-04-23,96T,54.0
2023-04-24,96T,34.0
2023-04-25,96T,54.0
2023-04-26,96T,36.0
2023-04-27,96T,26.0
2023-04-28,96T,37.0
2023-04-29,96T,50.0
2023-04-30,96T,25.0
2023-02-01,97T,68.0
2023-02-02,97T,78.0
2023-02-03,97T,73.0
2023-02-04,97T,32.0
2023-02-05,97T,25.0
2023-02-06,97T,32.0
2023-02-07,97T,34.0
2023-02-08,97T,36.0
2023-02-09,97T,35.0
2023-02-10,97T,35.0
2023-02-11,97T,38.0
2023-02-12,97T,36.0
2023-02-13,97T,38.0
2023-02-14,97T,46.0
2023-02-15,97T,41.0
2023-02-16,97T,24.0
2023-02-17,97T,35.0
2023-02-18,97T,66.0
2023-02-19,97T,75.0
2023-02-20,97T,36.0
2023-02-21,97T,47.0
2023-02-22,97T,49.0
2023-02-23,97T,58.0
2023-02-24,97T,66.0
2023-02-25,97T,40.0
2023-02-26,97T,42.0
2023-02-27,97T,62.0
2023-02-28,97T,64.0
2023-03-01,97T,66.0
2023-03-02,97T,81.0
2023-03-03,97T,76.0
2023-03-04,97T,79.0
2023-03-05,97T,65.0
2023-03-06,97T,71.0
2023-03-07,97T,75.0
2023-03-08,97T,83.0
2023-03-09,97T,94.0
2023-03-10,97T,85.0
2023-03-11,97T,90.0
2023-03-12,97T,84.0
2023-03-13,97T,50.0
2023-03-14,97T,42.0
2023-03-15,97T,54.0
2023-03-16,97T,69.0
2023-03-17,97T,70.0
2023-03-18,97T,52.0
2023-03-19,97T,48.0
2023-03-20,97T,45.0
2023-03-21,97T,46.0
2023-03-22,97T,48.0
2023-03-23,97T,40.0
2023-03-24,97T,43.0
2023-03-25,97T,82.0
2023-03-26,97T,58.0
2023-03-27,97T,60.0
2023-03-28,97T,43.0
2023-03-29,97T,34.0
2023-03-30,97T,41.0
2023-03-31,97T,50.0
2023-04-01,97T,45.0
2023-04-02,97T,49.0
2023-04-03,97T,38.0
2023-04-04,97T,49.0
2023-04-05,97T,57.0
2023-04-06,97T,64.0
2023-04-07,97T,67.0
2023-04-08,97T,52.0
2023-04-09,97T,34.0
2023-04-10,97T,45.0
2023-04-11,97T,55.0
2023-04-12,97T,66.0
2023-04-13,97T,66.0
2023-04-14,97T,68.0
2023-04-15,97T,73.0
2023-04-16,97T,75.0
2023-04-17,97T,69.0
2023-04-18,97T,68.0
2023-04-19,97T,64.0
2023-04-20,97T,71.0
2023-04-21,97T,69.0
2023-04-22,97T,61.0
2023-04-23,97T,49.0
2023-04-24,97T,32.0
2023-04-25,97T,36.0
2023-04-26,97T,30.0
2023-04-27,97T,26.0
2023-04-28,97T,35.0
2023-04-29,97T,37.0
2023-04-30,97T,26.0
2023-02-01,98T,85.0
2023-02-02,98T,92.0
2023-02-03,98T,97.0
2023-02-04,98T,59.0
2023-02-05,98T,28.0
2023-02-06,98T,49.0
2023-02-07,98T,36.0
2023-02-08,98T,40.0
2023-02-09,98T,33.0
2023-02-10,98T,31.0
2023-02-11,98T,32.0
2023-02-12,98T,34.0
2023-02-13,98T,39.0
2023-02-14,98T,45.0
2023-02-15,98T,51.0
2023-02-16,98T,29.0
2023-02-17,98T,37.0
2023-02-18,98T,42.0
2023-02-19,98T,59.0
2023-02-20,98T,35.0
2023-02-21,98T,43.0
2023-02-22,98T,47.0
2023-02-23,98T,59.0
2023-02-24,98T,62.0
2023-02-25,98T,42.0
2023-02-26,98T,42.0
2023-02-27,98T,50.0
2023-02-28,98T,70.0
2023-03-01,98T,89.0
2023-03-02,98T,66.0
2023-03-03,98T,53.0
2023-03-04,98T,62.0
2023-03-05,98T,62.0
2023-03-06,98T,68.0
2023-03-07,98T,73.0
2023-03-08,98T,91.0
2023-03-09,98T,96.0
2023-03-10,98T,77.0
2023-03-11,98T,87.0
2023-03-12,98T,67.0
2023-03-13,98T,65.0
2023-03-14,98T,55.0
2023-03-15,98T,59.0
2023-03-16,98T,55.0
2023-03-17,98T,47.0
2023-03-18,98T,41.0
2023-03-19,98T,45.0
2023-03-20,98T,46.0
2023-03-21,98T,42.0
2023-03-22,98T,43.0
2023-03-23,98T,45.0
2023-03-24,98T,52.0
2023-03-25,98T,55.0
2023-03-26,98T,53.0
2023-03-27,98T,57.0
2023-03-28,98T,34.0
2023-03-29,98T,38.0
2023-03-30,98T,42.0
2023-03-31,98T,47.0
2023-04-01,98T,46.0
2023-04-02,98T,44.0
2023-04-03,98T,54.0
2023-04-04,98T,68.0
2023-04-05,98T,79.0
2023-04-06,98T,76.0
2023-04-07,98T,84.0
2023-04-08,98T,51.0
2023-04-09,98T,47.0
2023-04-10,98T,54.0
2023-04-11,98T,71.0
2023-04-12,98T,71.0
2023-04-13,98T,74.0
2023-04-14,98T,72.0
2023-04-15,98T,90.0
2023-04-16,98T,93.0
2023-04-17,98T,91.0
2023-04-18,98T,69.0
2023-04-19,98T,63.0
2023-04-20,98T,77.0
2023-04-21,98T,71.0
2023-04-22,98T,76.0
2023-04-23,98T,68.0
2023-04-24,98T,44.0
2023-04-25,98T,61.0
2023-04-26,98T,29.0
2023-04-27,98T,34.0
2023-04-28,98T,36.0
2023-04-29,98T,34.0
2023-04-30,98T,31.0
2023-02-01,42T,32.0
2023-02-02,42T,25.0
2023-02-03,42T,
2023-02-04,42T,
2023-02-05,42T,
2023-02-06,42T,10.0
2023-02-07,42T,13.0
2023-02-08,42T,13.0
2023-02-09,42T,11.0
2023-02-10,42T,12.0
2023-02-11,42T,10.0
2023-02-12,42T,16.0
2023-02-13,42T,20.0
2023-02-14,42T,19.0
2023-02-15,42T,18.0
2023-02-16,42T,16.0
2023-02-17,42T,16.0
2023-02-18,42T,17.0
2023-02-19,42T,18.0
2023-02-20,42T,21.0
2023-02-21,42T,18.0
2023-02-22,42T,21.0
2023-02-23,42T,24.0
2023-02-24,42T,29.0
2023-02-25,42T,26.0
2023-02-26,42T,24.0
2023-02-27,42T,38.0
2023-02-28,42T,42.0
2023-03-01,42T,41.0
2023-03-02,42T,33.0
2023-03-03,42T,21.0
2023-03-04,42T,24.0
2023-03-05,42T,22.0
2023-03-06,42T,25.0
2023-03-07,42T,28.0
2023-03-08,42T,28.0
2023-03-09,42T,25.0
2023-03-10,42T,24.0
2023-03-11,42T,28.0
2023-03-12,42T,35.0
2023-03-13,42T,32.0
2023-03-14,42T,26.0
2023-03-15,42T,30.0
2023-03-16,42T,27.0
2023-03-17,42T,18.0
2023-03-18,42T,17.0
2023-03-19,42T,17.0
2023-03-20,42T,16.0
2023-03-21,42T,15.0
2023-03-22,42T,14.0
2023-03-23,42T,16.0
2023-03-24,42T,20.0
2023-03-25,42T,20.0
2023-03-26,42T,22.0
2023-03-27,42T,23.0
2023-03-28,42T,20.0
2023-03-29,42T,15.0
2023-03-30,42T,17.0
2023-03-31,42T,24.0
2023-04-01,42T,22.0
2023-04-02,42T,24.0
2023-04-03,42T,24.0
2023-04-04,42T,23.0
2023-04-05,42T,21.0
2023-04-06,42T,23.0
2023-04-07,42T,25.0
2023-04-08,42T,23.0
2023-04-09,42T,17.0
2023-04-10,42T,19.0
2023-04-11,42T,27.0
2023-04-12,42T,35.0
2023-04-13,42T,31.0
2023-04-14,42T,34.0
2023-04-15,42T,43.0
2023-04-16,42T,39.0
2023-04-17,42T,42.0
2023-04-18,42T,41.0
2023-04-19,42T,35.0
2023-04-20,42T,31.0
2023-04-21,42T,27.0
2023-04-22,42T,24.0
2023-04-23,42T,19.0
2023-04-24,42T,18.0
2023-04-25,42T,16.0
2023-04-26,42T,17.0
2023-04-27,42T,18.0
2023-04-28,42T,22.0
2023-04-29,42T,22.0
2023-04-30,42T,18.0
2023-02-01,43T,31.0
2023-02-02,43T,23.0
2023-02-03,43T,21.0
2023-02-04,43T,11.0
2023-02-05,43T,15.0
2023-02-06,43T,14.0
2023-02-07,43T,11.0
2023-02-08,43T,16.0
2023-02-09,43T,13.0
2023-02-10,43T,14.0
2023-02-11,43T,16.0
2023-02-12,43T,16.0
2023-02-13,43T,19.0
2023-02-14,43T,17.0
2023-02-15,43T,11.0
2023-02-16,43T,11.0
2023-02-17,43T,16.0
2023-02-18,43T,17.0
2023-02-19,43T,19.0
2023-02-20,43T,17.0
2023-02-21,43T,14.0
2023-02-22,43T,21.0
2023-02-23,43T,21.0
2023-02-24,43T,32.0
2023-02-25,43T,23.0
2023-02-26,43T,26.0
2023-02-27,43T,38.0
2023-02-28,43T,35.0
2023-03-01,43T,39.0
2023-03-02,43T,34.0
2023-03-03,43T,15.0
2023-03-04,43T,21.0
2023-03-05,43T,26.0
2023-03-06,43T,23.0
2023-03-07,43T,26.0
2023-03-08,43T,23.0
2023-03-09,43T,26.0
2023-03-10,43T,27.0
2023-03-11,43T,25.0
2023-03-12,43T,35.0
2023-03-13,43T,32.0
2023-03-14,43T,23.0
2023-03-15,43T,29.0
2023-03-16,43T,21.0
2023-03-17,43T,15.0
2023-03-18,43T,17.0
2023-03-19,43T,17.0
2023-03-20,43T,16.0
2023-03-21,43T,15.0
2023-03-22,43T,16.0
2023-03-23,43T,22.0
2023-03-24,43T,14.0
2023-03-25,43T,13.0
2023-03-26,43T,19.0
2023-03-27,43T,19.0
2023-03-28,43T,18.0
2023-03-29,43T,13.0
2023-03-30,43T,12.0
2023-03-31,43T,14.0
2023-04-01,43T,17.0
2023-04-02,43T,21.0
2023-04-03,43T,19.0
2023-04-04,43T,12.0
2023-04-05,43T,16.0
2023-04-06,43T,20.0
2023-04-07,43T,23.0
2023-04-08,43T,21.0
2023-04-09,43T,15.0
2023-04-10,43T,16.0
2023-04-11,43T,18.0
2023-04-12,43T,24.0
2023-04-13,43T,25.0
2023-04-14,43T,40.0
2023-04-15,43T,44.0
2023-04-16,43T,41.0
2023-04-17,43T,40.0
2023-04-18,43T,40.0
2023-04-19,43T,35.0
2023-04-20,43T,30.0
2023-04-21,43T,28.0
2023-04-22,43T,24.0
2023-04-23,43T,18.0
2023-04-24,43T,14.0
2023-04-25,43T,14.0
2023-04-26,43T,15.0
2023-04-27,43T,16.0
2023-04-28,43T,21.0
2023-04-29,43T,19.0
2023-04-30,43T,17.0
2023-02-01,44T,22.0
2023-02-02,44T,20.0
2023-02-03,44T,8.0
2023-02-04,44T,10.0
2023-02-05,44T,11.0
2023-02-06,44T,11.0
2023-02-07,44T,14.0
2023-02-08,44T,13.0
2023-02-09,44T,
2023-02-10,44T,13.0
2023-02-11,44T,10.0
2023-02-12,44T,12.0
2023-02-13,44T,14.0
2023-02-14,44T,14.0
2023-02-15,44T,12.0
2023-02-16,44T,12.0
2023-02-17,44T,16.0
2023-02-18,44T,14.0
2023-02-19,44T,18.0
2023-02-20,44T,15.0
2023-02-21,44T,15.0
2023-02-22,44T,19.0
2023-02-23,44T,21.0
2023-02-24,44T,18.0
2023-02-25,44T,20.0
2023-02-26,44T,25.0
2023-02-27,44T,31.0
2023-02-28,44T,29.0
2023-03-01,44T,28.0
2023-03-02,44T,17.0
2023-03-03,44T,15.0
2023-03-04,44T,20.0
2023-03-05,44T,23.0
2023-03-06,44T,23.0
2023-03-07,44T,30.0
2023-03-08,44T,20.0
2023-03-09,44T,18.0
2023-03-10,44T,17.0
2023-03-11,44T,21.0
2023-03-12,44T,24.0
2023-03-13,44T,24.0
2023-03-14,44T,23.0
2023-03-15,44T,24.0
2023-03-16,44T,19.0
2023-03-17,44T,15.0
2023-03-18,44T,16.0
2023-03-19,44T,16.0
2023-03-20,44T,16.0
2023-03-21,44T,14.0
2023-03-22,44T,16.0
2023-03-23,44T,16.0
2023-03-24,44T,21.0
2023-03-25,44T,17.0
2023-03-26,44T,19.0
2023-03-27,44T,21.0
2023-03-28,44T,18.0
2023-03-29,44T,14.0
2023-03-30,44T,17.0
2023-03-31,44T,23.0
2023-04-01,44T,19.0
2023-04-02,44T,21.0
2023-04-03,44T,22.0
2023-04-04,44T,20.0
2023-04-05,44T,20.0
2023-04-06,44T,20.0
2023-04-07,44T,22.0
2023-04-08,44T,21.0
2023-04-09,44T,15.0
2023-04-10,44T,23.0
2023-04-11,44T,33.0
2023-04-12,44T,36.0
2023-04-13,44T,34.0
2023-04-14,44T,33.0
2023-04-15,44T,41.0
2023-04-16,44T,38.0
2023-04-17,44T,39.0
2023-04-18,44T,39.0
2023-04-19,44T,35.0
2023-04-20,44T,33.0
2023-04-21,44T,26.0
2023-04-22,44T,26.0
2023-04-23,44T,25.0
2023-04-24,44T,21.0
2023-04-25,44T,17.0
2023-04-26,44T,18.0
2023-04-27,44T,15.0
2023-04-28,44T,21.0
2023-04-29,44T,23.0
2023-04-30,44T,20.0
2023-02-01,62T,
2023-02-02,62T,
2023-02-03,62T,
2023-02-04,62T,
2023-02-05,62T,17.0
2023-02-06,62T,16.0
2023-02-07,62T,16.0
2023-02-08,62T,21.0
2023-02-09,62T,22.0
2023-02-10,62T,19.0
2023-02-11,62T,15.0
2023-02-12,62T,17.0
2023-02-13,62T,18.0
2023-02-14,62T,19.0
2023-02-15,62T,21.0
2023-02-16,62T,21.0
2023-02-17,62T,22.0
2023-02-18,62T,16.0
2023-02-19,62T,15.0
2023-02-20,62T,19.0
2023-02-21,62T,20.0
2023-02-22,62T,23.0
2023-02-23,62T,23.0
2023-02-24,62T,23.0
2023-02-25,62T,23.0
2023-02-26,62T,28.0
2023-02-27,62T,29.0
2023-02-28,62T,25.0
2023-03-01,62T,17.0
2023-03-02,62T,21.0
2023-03-03,62T,20.0
2023-03-04,62T,22.0
2023-03-05,62T,28.0
2023-03-06,62T,32.0
2023-03-07,62T,32.0
2023-03-08,62T,23.0
2023-03-09,62T,22.0
2023-03-10,62T,20.0
2023-03-11,62T,21.0
2023-03-12,62T,30.0
2023-03-13,62T,28.0
2023-03-14,62T,32.0
2023-03-15,62T,29.0
2023-03-16,62T,23.0
2023-03-17,62T,18.0
2023-03-18,62T,18.0
2023-03-19,62T,20.0
2023-03-20,62T,19.0
2023-03-21,62T,16.0
2023-03-22,62T,15.0
2023-03-23,62T,17.0
2023-03-24,62T,16.0
2023-03-25,62T,17.0
2023-03-26,62T,14.0
2023-03-27,62T,20.0
2023-03-28,62T,14.0
2023-03-29,62T,13.0
2023-03-30,62T,17.0
2023-03-31,62T,20.0
2023-04-01,62T,18.0
2023-04-02,62T,17.0
2023-04-03,62T,17.0
2023-04-04,62T,19.0
2023-04-05,62T,16.0
2023-04-06,62T,16.0
2023-04-07,62T,19.0
2023-04-08,62T,15.0
2023-04-09,62T,15.0
2023-04-10,62T,24.0
2023-04-11,62T,32.0
2023-04-12,62T,35.0
2023-04-13,62T,33.0
2023-04-14,62T,32.0
2023-04-15,62T,38.0
2023-04-16,62T,41.0
2023-04-17,62T,39.0
2023-04-18,62T,34.0
2023-04-19,62T,23.0
2023-04-20,62T,23.0
2023-04-21,62T,25.0
2023-04-22,62T,16.0
2023-04-23,62T,21.0
2023-04-24,62T,15.0
2023-04-25,62T,14.0
2023-04-26,62T,14.0
2023-04-27,62T,14.0
2023-04-28,62T,17.0
2023-04-29,62T,14.0
2023-04-30,62T,13.0
2023-02-01,63T,
2023-02-02,63T,
2023-02-03,63T,
2023-02-04,63T,
2023-02-05,63T,20.0
2023-02-06,63T,19.0
2023-02-07,63T,20.0
2023-02-08,63T,23.0
2023-02-09,63T,19.0
2023-02-10,63T,20.0
2023-02-11,63T,22.0
2023-02-12,63T,18.0
2023-02-13,63T,20.0
2023-02-14,63T,19.0
2023-02-15,63T,20.0
2023-02-16,63T,20.0
2023-02-17,63T,20.0
2023-02-18,63T,21.0
2023-02-19,63T,19.0
2023-02-20,63T,20.0
2023-02-21,63T,21.0
2023-02-22,63T,23.0
2023-02-23,63T,25.0
2023-02-24,63T,24.0
2023-02-25,63T,27.0
2023-02-26,63T,33.0
2023-02-27,63T,37.0
2023-02-28,63T,36.0
2023-03-01,63T,19.0
2023-03-02,63T,22.0
2023-03-03,63T,20.0
2023-03-04,63T,28.0
2023-03-05,63T,31.0
2023-03-06,63T,31.0
2023-03-07,63T,36.0
2023-03-08,63T,28.0
2023-03-09,63T,25.0
2023-03-10,63T,24.0
2023-03-11,63T,26.0
2023-03-12,63T,31.0
2023-03-13,63T,29.0
2023-03-14,63T,30.0
2023-03-15,63T,31.0
2023-03-16,63T,26.0
2023-03-17,63T,23.0
2023-03-18,63T,22.0
2023-03-19,63T,21.0
2023-03-20,63T,21.0
2023-03-21,63T,21.0
2023-03-22,63T,20.0
2023-03-23,63T,22.0
2023-03-24,63T,20.0
2023-03-25,63T,21.0
2023-03-26,63T,19.0
2023-03-27,63T,25.0
2023-03-28,63T,18.0
2023-03-29,63T,17.0
2023-03-30,63T,21.0
2023-03-31,63T,23.0
2023-04-01,63T,22.0
2023-04-02,63T,24.0
2023-04-03,63T,20.0
2023-04-04,63T,22.0
2023-04-05,63T,19.0
2023-04-06,63T,19.0
2023-04-07,63T,22.0
2023-04-08,63T,18.0
2023-04-09,63T,19.0
2023-04-10,63T,28.0
2023-04-11,63T,32.0
2023-04-12,63T,37.0
2023-04-13,63T,34.0
2023-04-14,63T,34.0
2023-04-15,63T,
2023-04-16,63T,
2023-04-17,63T,42.0
2023-04-18,63T,39.0
2023-04-19,63T,28.0
2023-04-20,63T,28.0
2023-04-21,63T,31.0
2023-04-22,63T,22.0
2023-04-23,63T,24.0
2023-04-24,63T,21.0
2023-04-25,63T,21.0
2023-04-26,63T,20.0
2023-04-27,63T,22.0
2023-04-28,63T,24.0
2023-04-29,63T,22.0
2023-04-30,63T,20.0
2023-02-01,78T,12.0
2023-02-02,78T,10.0
2023-02-03,78T,9.0
2023-02-04,78T,14.0
2023-02-05,78T,14.0
2023-02-06,78T,11.0
2023-02-07,78T,10.0
2023-02-08,78T,14.0
2023-02-09,78T,13.0
2023-02-10,78T,10.0
2023-02-11,78T,14.0
2023-02-12,78T,14.0
2023-02-13,78T,11.0
2023-02-14,78T,13.0
2023-02-15,78T,15.0
2023-02-16,78T,15.0
2023-02-17,78T,11.0
2023-02-18,78T,10.0
2023-02-19,78T,11.0
2023-02-20,78T,11.0
2023-02-21,78T,11.0
2023-02-22,78T,12.0
2023-02-23,78T,12.0
2023-02-24,78T,13.0
2023-02-25,78T,13.0
2023-02-26,78T,14.0
2023-02-27,78T,17.0
2023-02-28,78T,15.0
2023-03-01,78T,12.0
2023-03-02,78T,13.0
2023-03-03,78T,13.0
2023-03-04,78T,14.0
2023-03-05,78T,15.0
2023-03-06,78T,18.0
2023-03-07,78T,17.0
2023-03-08,78T,17.0
2023-03-09,78T,15.0
2023-03-10,78T,13.0
2023-03-11,78T,12.0
2023-03-12,78T,14.0
2023-03-13,78T,20.0
2023-03-14,78T,14.0
2023-03-15,78T,19.0
2023-03-16,78T,15.0
2023-03-17,78T,14.0
2023-03-18,78T,14.0
2023-03-19,78T,13.0
2023-03-20,78T,14.0
2023-03-21,78T,14.0
2023-03-22,78T,13.0
2023-03-23,78T,12.0
2023-03-24,78T,12.0
2023-03-25,78T,15.0
2023-03-26,78T,12.0
2023-03-27,78T,15.0
2023-03-28,78T,13.0
2023-03-29,78T,13.0
2023-03-30,78T,13.0
2023-03-31,78T,14.0
2023-04-01,78T,15.0
2023-04-02,78T,15.0
2023-04-03,78T,13.0
2023-04-04,78T,14.0
2023-04-05,78T,13.0
2023-04-06,78T,12.0
2023-04-07,78T,13.0
2023-04-08,78T,13.0
2023-04-09,78T,13.0
2023-04-10,78T,18.0
2023-04-11,78T,23.0
2023-04-12,78T,26.0
2023-04-13,78T,25.0
2023-04-14,78T,25.0
2023-04-15,78T,30.0
2023-04-16,78T,31.0
2023-04-17,78T,28.0
2023-04-18,78T,19.0
2023-04-19,78T,12.0
2023-04-20,78T,13.0
2023-04-21,78T,13.0
2023-04-22,78T,10.0
2023-04-23,78T,12.0
2023-04-24,78T,13.0
2023-04-25,78T,12.0
2023-04-26,78T,12.0
2023-04-27,78T,12.0
2023-04-28,78T,14.0
2023-04-29,78T,13.0
2023-04-30,78T,12.0
2023-02-01,80T,23.0
2023-02-02,80T,24.0
2023-02-03,80T,10.0
2023-02-04,80T,12.0
2023-02-05,80T,12.0
2023-02-06,80T,15.0
2023-02-07,80T,18.0
2023-02-08,80T,16.0
2023-02-09,80T,14.0
2023-02-10,80T,16.0
2023-02-11,80T,15.0
2023-02-12,80T,15.0
2023-02-13,80T,16.0
2023-02-14,80T,14.0
2023-02-15,80T,12.0
2023-02-16,80T,14.0
2023-02-17,80T,20.0
2023-02-18,80T,15.0
2023-02-19,80T,19.0
2023-02-20,80T,16.0
2023-02-21,80T,17.0
2023-02-22,80T,23.0
2023-02-23,80T,30.0
2023-02-24,80T,25.0
2023-02-25,80T,34.0
2023-02-26,80T,34.0
2023-02-27,80T,42.0
2023-02-28,80T,34.0
2023-03-01,80T,18.0
2023-03-02,80T,12.0
2023-03-03,80T,12.0
2023-03-04,80T,17.0
2023-03-05,80T,19.0
2023-03-06,80T,19.0
2023-03-07,80T,27.0
2023-03-08,80T,18.0
2023-03-09,80T,16.0
2023-03-10,80T,13.0
2023-03-11,80T,15.0
2023-03-12,80T,21.0
2023-03-13,80T,23.0
2023-03-14,80T,16.0
2023-03-15,80T,19.0
2023-03-16,80T,12.0
2023-03-17,80T,11.0
2023-03-18,80T,11.0
2023-03-19,80T,10.0
2023-03-20,80T,12.0
2023-03-21,80T,10.0
2023-03-22,80T,11.0
2023-03-23,80T,12.0
2023-03-24,80T,14.0
2023-03-25,80T,13.0
2023-03-26,80T,13.0
2023-03-27,80T,14.0
2023-03-28,80T,13.0
2023-03-29,80T,12.0
2023-03-30,80T,11.0
2023-03-31,80T,16.0
2023-04-01,80T,16.0
2023-04-02,80T,14.0
2023-04-03,80T,13.0
2023-04-04,80T,14.0
2023-04-05,80T,13.0
2023-04-06,80T,10.0
2023-04-07,80T,13.0
2023-04-08,80T,12.0
2023-04-09,80T,10.0
2023-04-10,80T,16.0
2023-04-11,80T,23.0
2023-04-12,80T,25.0
2023-04-13,80T,24.0
2023-04-14,80T,26.0
2023-04-15,80T,36.0
2023-04-16,80T,42.0
2023-04-17,80T,37.0
2023-04-18,80T,37.0
2023-04-19,80T,31.0
2023-04-20,80T,29.0
2023-04-21,80T,24.0
2023-04-22,80T,21.0
2023-04-23,80T,15.0
2023-04-24,80T,14.0
2023-04-25,80T,13.0
2023-04-26,80T,13.0
2023-04-27,80T,11.0
2023-04-28,80T,15.0
2023-04-29,80T,16.0
2023-04-30,80T,12.0
2023-02-01,89T,27.0
2023-02-02,89T,25.0
2023-02-03,89T,13.0
2023-02-04,89T,11.0
2023-02-05,89T,15.0
2023-02-06,89T,15.0
2023-02-07,89T,15.0
2023-02-08,89T,18.0
2023-02-09,89T,13.0
2023-02-10,89T,15.0
2023-02-11,89T,16.0
2023-02-12,89T,14.0
2023-02-13,89T,16.0
2023-02-14,89T,17.0
2023-02-15,89T,14.0
2023-02-16,89T,25.0
2023-02-17,89T,27.0
2023-02-18,89T,21.0
2023-02-19,89T,16.0
2023-02-20,89T,22.0
2023-02-21,89T,15.0
2023-02-22,89T,20.0
2023-02-23,89T,23.0
2023-02-24,89T,23.0
2023-02-25,89T,23.0
2023-02-26,89T,30.0
2023-02-27,89T,34.0
2023-02-28,89T,29.0
2023-03-01,89T,34.0
2023-03-02,89T,33.0
2023-03-03,89T,17.0
2023-03-04,89T,22.0
2023-03-05,89T,26.0
2023-03-06,89T,19.0
2023-03-07,89T,23.0
2023-03-08,89T,21.0
2023-03-09,89T,20.0
2023-03-10,89T,23.0
2023-03-11,89T,21.0
2023-03-12,89T,20.0
2023-03-13,89T,21.0
2023-03-14,89T,17.0
2023-03-15,89T,21.0
2023-03-16,89T,19.0
2023-03-17,89T,18.0
2023-03-18,89T,16.0
2023-03-19,89T,15.0
2023-03-20,89T,12.0
2023-03-21,89T,13.0
2023-03-22,89T,13.0
2023-03-23,89T,13.0
2023-03-24,89T,13.0
2023-03-25,89T,13.0
2023-03-26,89T,15.0
2023-03-27,89T,17.0
2023-03-28,89T,16.0
2023-03-29,89T,9.0
2023-03-30,89T,14.0
2023-03-31,89T,17.0
2023-04-01,89T,17.0
2023-04-02,89T,16.0
2023-04-03,89T,19.0
2023-04-04,89T,18.0
2023-04-05,89T,21.0
2023-04-06,89T,17.0
2023-04-07,89T,16.0
2023-04-08,89T,14.0
2023-04-09,89T,13.0
2023-04-10,89T,15.0
2023-04-11,89T,22.0
2023-04-12,89T,26.0
2023-04-13,89T,22.0
2023-04-14,89T,24.0
2023-04-15,89T,27.0
2023-04-16,89T,26.0
2023-04-17,89T,26.0
2023-04-18,89T,28.0
2023-04-19,89T,26.0
2023-04-20,89T,27.0
2023-04-21,89T,22.0
2023-04-22,89T,19.0
2023-04-23,89T,15.0
2023-04-24,89T,15.0
2023-04-25,89T,16.0
2023-04-26,89T,12.0
2023-04-27,89T,18.0
2023-04-28,89T,20.0
2023-04-29,89T,17.0
2023-04-30,89T,15.0
2023-02-01,93T,22.0
2023-02-02,93T,23.0
2023-02-03,93T,12.0
2023-02-04,93T,10.0
2023-02-05,93T,11.0
2023-02-06,93T,13.0
2023-02-07,93T,12.0
2023-02-08,93T,11.0
2023-02-09,93T,12.0
2023-02-10,93T,10.0
2023-02-11,93T,10.0
2023-02-12,93T,11.0
2023-02-13,93T,15.0
2023-02-14,93T,12.0
2023-02-15,93T,12.0
2023-02-16,93T,15.0
2023-02-17,93T,20.0
2023-02-18,93T,16.0
2023-02-19,93T,13.0
2023-02-20,93T,18.0
2023-02-21,93T,21.0
2023-02-22,93T,21.0
2023-02-23,93T,23.0
2023-02-24,93T,24.0
2023-02-25,93T,24.0
2023-02-26,93T,26.0
2023-02-27,93T,27.0
2023-02-28,93T,20.0
2023-03-01,93T,23.0
2023-03-02,93T,17.0
2023-03-03,93T,12.0
2023-03-04,93T,15.0
2023-03-05,93T,18.0
2023-03-06,93T,19.0
2023-03-07,93T,23.0
2023-03-08,93T,18.0
2023-03-09,93T,17.0
2023-03-10,93T,15.0
2023-03-11,93T,16.0
2023-03-12,93T,21.0
2023-03-13,93T,22.0
2023-03-14,93T,16.0
2023-03-15,93T,19.0
2023-03-16,93T,14.0
2023-03-17,93T,13.0
2023-03-18,93T,13.0
2023-03-19,93T,11.0
2023-03-20,93T,11.0
2023-03-21,93T,10.0
2023-03-22,93T,11.0
2023-03-23,93T,14.0
2023-03-24,93T,16.0
2023-03-25,93T,21.0
2023-03-26,93T,13.0
2023-03-27,93T,13.0
2023-03-28,93T,13.0
2023-03-29,93T,14.0
2023-03-30,93T,10.0
2023-03-31,93T,19.0
2023-04-01,93T,16.0
2023-04-02,93T,17.0
2023-04-03,93T,14.0
2023-04-04,93T,14.0
2023-04-05,93T,15.0
2023-04-06,93T,17.0
2023-04-07,93T,17.0
2023-04-08,93T,18.0
2023-04-09,93T,10.0
2023-04-10,93T,16.0
2023-04-11,93T,28.0
2023-04-12,93T,30.0
2023-04-13,93T,26.0
2023-04-14,93T,31.0
2023-04-15,93T,41.0
2023-04-16,93T,37.0
2023-04-17,93T,32.0
2023-04-18,93T,36.0
2023-04-19,93T,30.0
2023-04-20,93T,28.0
2023-04-21,93T,26.0
2023-04-22,93T,20.0
2023-04-23,93T,13.0
2023-04-24,93T,14.0
2023-04-25,93T,
2023-04-26,93T,16.0
2023-04-27,93T,13.0
2023-04-28,93T,18.0
2023-04-29,93T,18.0
2023-04-30,93T,16.0
